query,page,clicks,impressions,position,ctr
same day appliance repair,https://samedayappliance.repair/west-hollywood/,3,54,7.4,0.0556
appliance repair culver city,https://samedayappliance.repair/culver-city/,1,19,28.9,0.0526
appliance repair thousand oaks,https://samedayappliance.repair/thousand-oaks/,1,34,18.7,0.0294
dishwasher repair near me,https://samedayappliance.repair/thousand-oaks/,1,32,1,0.0312
same day appliance repair,https://samedayappliance.repair/,1,116,26.1,0.0086
same day stove repair oc,https://samedayappliance.repair/book/,1,24,28.7,0.0417
thousand oaks appliance repair,https://samedayappliance.repair/thousand-oaks/,1,25,18.1,0.04
"""same day appliance repair"" ""90048""",https://samedayappliance.repair/los-angeles/,0,6,13.2,0
"""same day appliance repair"" ""90048""",https://samedayappliance.repair/west-hollywood/,0,6,4.8,0
24 hour freezer repair,https://samedayappliance.repair/los-angeles/,0,8,44.1,0
24 hour industrial refrigeration service california,https://samedayappliance.repair/commercial/refrigeration/,0,19,62.2,0
24 hour industrial refrigeration service california,https://samedayappliance.repair/services/outdoor-refrigerator-repair/,0,21,66.7,0
24/7 industrial refrigeration service california,https://samedayappliance.repair/commercial/refrigeration/,0,8,60.8,0
24/7 industrial refrigeration service california,https://samedayappliance.repair/services/outdoor-refrigerator-repair/,0,6,69.2,0
ac maintenance cost,https://samedayappliance.repair/price-list/air-conditioner-repair-cost/,0,12,91.2,0
ac repair cost,https://samedayappliance.repair/price-list/air-conditioner-repair-cost/,0,37,68.0,0
ac repair cost estimate los angeles,https://samedayappliance.repair/price-list/air-conditioner-repair-cost/,0,5,20.2,0
ac repair cost los angeles,https://samedayappliance.repair/price-list/air-conditioner-repair-cost/,0,6,22.7,0
ac repair man lake elsinore,https://samedayappliance.repair/lake-elsinore/,0,12,72.8,0
ac repair near me,https://samedayappliance.repair/thousand-oaks/,0,6,34.3,0
ac repair pacific palisades,https://samedayappliance.repair/pacific-palisades/,0,10,83.2,0
ac repair service in french valley,https://samedayappliance.repair/murrieta/,0,16,60.9,0
ac repair service in redlands,https://samedayappliance.repair/redlands/,0,29,77.9,0
ac repair silver lake,https://samedayappliance.repair/silver-lake/,0,5,15.8,0
ac repair toluca lake,https://samedayappliance.repair/toluca-lake/,0,18,32.2,0
ac service cost,https://samedayappliance.repair/price-list/air-conditioner-repair-cost/,0,41,72.5,0
ac tune up cost,https://samedayappliance.repair/price-list/air-conditioner-repair-cost/,0,11,91.5,0
adc dryer repair,https://samedayappliance.repair/services/commercial-dryer-repair-los-angeles/,0,6,15.7,0
after-sales service for industrial ovens,https://samedayappliance.repair/commercial/oven-repair/,0,6,89.3,0
air conditioner repair cost guide,https://samedayappliance.repair/price-list/air-conditioner-repair-cost/,0,6,71.5,0
air conditioner repair los angeles ca,https://samedayappliance.repair/services/air-conditioner-repair-los-angeles/,0,5,70.6,0
air conditioner tune up cost,https://samedayappliance.repair/price-list/air-conditioner-repair-cost/,0,17,85.3,0
air conditioning repair pacific palisades,https://samedayappliance.repair/pacific-palisades/,0,11,74.8,0
air conditioning repair toluca lake,https://samedayappliance.repair/toluca-lake/,0,13,45,0
air conditioning service pacific palisades,https://samedayappliance.repair/pacific-palisades/,0,11,76.1,0
air cooler repair,https://samedayappliance.repair/services/commercial-walk-in-cooler-repair-los-angeles/,0,10,48.3,0
air duct cleaning company brentwood,https://samedayappliance.repair/hvac/air-duct-cleaning/,0,5,74.6,0
air fryer repair shop,https://samedayappliance.repair/commercial/fryer-repair/,0,6,77.2,0
alfresco barbecue repair,https://samedayappliance.repair/services/bbq-grill-repair-los-angeles/,0,5,17.8,0
ammonia refrigeration repair california,https://samedayappliance.repair/services/outdoor-refrigerator-repair/,0,8,84,0
apartment washer service,https://samedayappliance.repair/services/laundry-repair/,0,17,34.5,0
appliance fontana california,https://samedayappliance.repair/fontana/,0,8,83.2,0
appliance installation,https://samedayappliance.repair/thousand-oaks/,0,14,1,0
appliance installation burbank,https://samedayappliance.repair/burbank/,0,12,56.2,0
appliance installation pasadena,https://samedayappliance.repair/pasadena/,0,17,55,0
appliance installation services oxnard ca,https://samedayappliance.repair/oxnard/,0,5,61.2,0
appliance installation ventura ca,https://samedayappliance.repair/ventura-county/,0,5,59.4,0
appliance installation ventura ca,https://samedayappliance.repair/ventura/,0,7,63.7,0
appliance maintenance burbank,https://samedayappliance.repair/burbank/,0,20,57.3,0
appliance maintenance pasadena,https://samedayappliance.repair/pasadena/,0,19,50.3,0
appliance repair,https://samedayappliance.repair/beverly-hills/,0,7,15.4,0
appliance repair,https://samedayappliance.repair/hemet/,0,5,19.4,0
appliance repair,https://samedayappliance.repair/los-angeles/,0,7,15.1,0
appliance repair,https://samedayappliance.repair/pasadena/,0,39,18.2,0
appliance repair,https://samedayappliance.repair/thousand-oaks/,0,7,16.1,0
appliance repair,https://samedayappliance.repair/upland/,0,14,17.8,0
appliance repair,https://samedayappliance.repair/west-hollywood/,0,16,12.9,0
appliance repair,https://samedayappliance.repair/westlake-village/,0,5,17.8,0
appliance repair arcadia ca,https://samedayappliance.repair/arcadia/,0,15,39.2,0
appliance repair baldwin park ca,https://samedayappliance.repair/arcadia/,0,5,60.8,0
appliance repair beverly,https://samedayappliance.repair/beverly-hills/,0,17,51.6,0
appliance repair beverly hills,https://samedayappliance.repair/beverly-hills/,0,13,36.5,0
appliance repair beverly hills,https://samedayappliance.repair/west-hollywood/,0,11,3.1,0
appliance repair brentwood,https://samedayappliance.repair/brentwood/,0,29,39.9,0
appliance repair burbank,https://samedayappliance.repair/burbank/,0,54,56.9,0
appliance repair burbank ca,https://samedayappliance.repair/burbank/,0,44,51.8,0
appliance repair burbank california,https://samedayappliance.repair/burbank/,0,17,52.5,0
appliance repair business insurance,https://samedayappliance.repair/credentials/insured/,0,8,67.2,0
appliance repair calabasas,https://samedayappliance.repair/calabasas/,0,37,58.1,0
appliance repair calabasas ca,https://samedayappliance.repair/calabasas/,0,8,50.4,0
appliance repair camarillo ca,https://samedayappliance.repair/camarillo/,0,15,41,0
appliance repair corona ca,https://samedayappliance.repair/corona/,0,14,46.4,0
appliance repair costa mesa,https://samedayappliance.repair/costa-mesa/,0,5,74.2,0
appliance repair downtown los angeles,https://samedayappliance.repair/areas/downtown-los-angeles/,0,27,15.2,0
appliance repair downtown los angeles,https://samedayappliance.repair/areas/los-angeles-and-surrounding-areas/,0,10,56.1,0
appliance repair downtown los angeles,https://samedayappliance.repair/los-angeles-county/,0,9,62.1,0
appliance repair downtown los angeles,https://samedayappliance.repair/los-angeles/,0,38,31.1,0
appliance repair downtown los angeles,https://samedayappliance.repair/west-hollywood/,0,16,64.8,0
appliance repair encino,https://samedayappliance.repair/encino/,0,11,75.3,0
appliance repair estimate,https://samedayappliance.repair/price-list/,0,12,86.1,0
appliance repair fontana ca,https://samedayappliance.repair/fontana/,0,15,39,0
appliance repair glendale,https://samedayappliance.repair/glendale/,0,13,50.8,0
appliance repair glendale ca,https://samedayappliance.repair/glendale/,0,10,55.8,0
"appliance repair glendale ca""",https://samedayappliance.repair/glendale/,0,5,53,0
appliance repair hemet ca,https://samedayappliance.repair/hemet/,0,6,33.2,0
appliance repair highland park,https://samedayappliance.repair/highland-park/,0,32,37.0,0
appliance repair hollywood,https://samedayappliance.repair/hollywood/,0,15,27.3,0
appliance repair hollywood ca,https://samedayappliance.repair/hollywood/,0,32,21.7,0
appliance repair hollywood ca,https://samedayappliance.repair/west-hollywood/,0,20,24.4,0
appliance repair huntington beach ca,https://samedayappliance.repair/huntington-beach/,0,14,57,0
appliance repair in burbank,https://samedayappliance.repair/burbank/,0,13,57.7,0
appliance repair in pasadena,https://samedayappliance.repair/pasadena/,0,17,47.8,0
appliance repair in pasadena ca,https://samedayappliance.repair/pasadena/,0,15,48.3,0
appliance repair in pasadena ca,https://samedayappliance.repair/south-pasadena/,0,5,77.2,0
appliance repair in riverside,https://samedayappliance.repair/riverside-county/,0,8,65.2,0
appliance repair in riverside,https://samedayappliance.repair/riverside/,0,14,56.4,0
appliance repair in thousand oaks,https://samedayappliance.repair/thousand-oaks/,0,12,4.4,0
appliance repair in woodland hills,https://samedayappliance.repair/woodland-hills/,0,23,80.5,0
appliance repair inland empire,https://samedayappliance.repair/riverside-county/,0,14,74.6,0
appliance repair laguna niguel,https://samedayappliance.repair/laguna-niguel/,0,6,55,0
appliance repair laguna niguel ca,https://samedayappliance.repair/laguna-niguel/,0,28,49.6,0
appliance repair lake elsinore,https://samedayappliance.repair/lake-elsinore/,0,7,35.9,0
appliance repair long beach,https://samedayappliance.repair/long-beach/,0,10,67.6,0
appliance repair long beach ca,https://samedayappliance.repair/long-beach/,0,14,66.9,0
appliance repair los angeles,https://samedayappliance.repair/areas/los-angeles-and-surrounding-areas/,0,25,51.6,0
appliance repair los angeles,https://samedayappliance.repair/los-angeles/,0,7,15.4,0
appliance repair los angeles ca,https://samedayappliance.repair/areas/los-angeles-and-surrounding-areas/,0,13,67.3,0
appliance repair los angeles ca,https://samedayappliance.repair/los-angeles/,0,8,48.5,0
appliance repair manhattan beach,https://samedayappliance.repair/manhattan-beach/,0,13,46.9,0
appliance repair manhattan beach ca,https://samedayappliance.repair/los-angeles/,0,15,5,0
appliance repair marina,https://samedayappliance.repair/marina-del-rey/,0,17,33.1,0
appliance repair marina del rey ca,https://samedayappliance.repair/los-angeles/,0,27,3.2,0
appliance repair marina del rey ca,https://samedayappliance.repair/marina-del-rey/,0,20,18.4,0
appliance repair menifee,https://samedayappliance.repair/menifee/,0,6,38.3,0
appliance repair mission hills,https://samedayappliance.repair/mission-viejo/,0,11,63.3,0
appliance repair mission viejo,https://samedayappliance.repair/mission-viejo/,0,6,53.8,0
appliance repair monterey,https://samedayappliance.repair/monterey-park/,0,23,42.1,0
appliance repair monterey ca,https://samedayappliance.repair/monterey-park/,0,15,42.3,0
appliance repair monterey park ca,https://samedayappliance.repair/monterey-park/,0,20,17.6,0
appliance repair monterey park ca,https://samedayappliance.repair/west-hollywood/,0,9,21,0
appliance repair moorpark ca,https://samedayappliance.repair/moorpark/,0,19,33.1,0
appliance repair moorpark ca,https://samedayappliance.repair/thousand-oaks/,0,42,1.2,0
appliance repair near me,https://samedayappliance.repair/beverly-hills/,0,19,15.7,0
appliance repair near me,https://samedayappliance.repair/brentwood/,0,18,24.1,0
appliance repair near me,https://samedayappliance.repair/hemet/,0,5,20,0
appliance repair near me,https://samedayappliance.repair/los-angeles/,0,97,1.0,0
appliance repair near me,https://samedayappliance.repair/murrieta/,0,6,21,0
appliance repair near me,https://samedayappliance.repair/pasadena/,0,30,14.0,0
appliance repair near me,https://samedayappliance.repair/rancho-cucamonga/,0,12,17.2,0
appliance repair near me,https://samedayappliance.repair/redlands/,0,7,17.1,0
appliance repair near me,https://samedayappliance.repair/riverside/,0,8,20.9,0
appliance repair near me,https://samedayappliance.repair/south-pasadena/,0,7,36.3,0
appliance repair near me,https://samedayappliance.repair/thousand-oaks/,0,21,3.3,0
appliance repair near me,https://samedayappliance.repair/west-hollywood/,0,179,2.2,0
appliance repair newport beach,https://samedayappliance.repair/newport-beach/,0,5,61,0
appliance repair newport beach ca,https://samedayappliance.repair/newport-beach/,0,13,50.3,0
appliance repair north hollywood,https://samedayappliance.repair/north-hollywood/,0,20,45.5,0
appliance repair north hollywood ca,https://samedayappliance.repair/los-angeles/,0,14,55.3,0
appliance repair north hollywood ca,https://samedayappliance.repair/north-hollywood/,0,34,32.1,0
appliance repair north hollywood ca,https://samedayappliance.repair/west-hollywood/,0,29,38.2,0
appliance repair oak park ca,https://samedayappliance.repair/oak-park/,0,18,28.2,0
appliance repair oak park ca,https://samedayappliance.repair/thousand-oaks/,0,54,1,0
appliance repair ontario ca,https://samedayappliance.repair/ontario/,0,11,36,0
appliance repair orange county,https://samedayappliance.repair/orange-county/,0,12,68.2,0
appliance repair orange county ca,https://samedayappliance.repair/orange-county/,0,5,63.6,0
appliance repair oxnard ca,https://samedayappliance.repair/oxnard/,0,12,44.2,0
appliance repair pasadena,https://samedayappliance.repair/pasadena/,0,43,44.3,0
appliance repair pasadena ca,https://samedayappliance.repair/pasadena/,0,58,33.4,0
appliance repair port hueneme ca,https://samedayappliance.repair/oxnard/,0,8,37,0
appliance repair rancho cucamonga ca,https://samedayappliance.repair/rancho-cucamonga/,0,12,42.2,0
appliance repair redlands ca,https://samedayappliance.repair/redlands/,0,14,40.4,0
appliance repair redondo beach,https://samedayappliance.repair/redondo-beach/,0,14,42.4,0
appliance repair redondo beach ca,https://samedayappliance.repair/redondo-beach/,0,14,43.7,0
appliance repair river village,https://samedayappliance.repair/atwater-village/,0,17,25.2,0
appliance repair riverside,https://samedayappliance.repair/riverside/,0,9,56.1,0
appliance repair riverside ca,https://samedayappliance.repair/riverside/,0,20,51.8,0
appliance repair san bernardino ca,https://samedayappliance.repair/san-bernardino-county/,0,17,51.2,0
appliance repair san bernardino ca,https://samedayappliance.repair/san-bernardino/,0,16,58.4,0
appliance repair san clemente ca,https://samedayappliance.repair/san-clemente/,0,14,45,0
appliance repair santa monica,https://samedayappliance.repair/santa-monica/,0,13,43.4,0
appliance repair santa monica ca,https://samedayappliance.repair/los-angeles/,0,48,1,0
appliance repair santa monica ca,https://samedayappliance.repair/santa-monica/,0,16,37.6,0
appliance repair santa paula ca,https://samedayappliance.repair/thousand-oaks/,0,13,4.1,0
appliance repair service,https://samedayappliance.repair/los-angeles/,0,47,1,0
appliance repair service,https://samedayappliance.repair/west-hollywood/,0,29,2.4,0
appliance repair service los angeles,https://samedayappliance.repair/los-angeles/,0,5,20.6,0
appliance repair service near me,https://samedayappliance.repair/pasadena/,0,9,18.2,0
appliance repair sherman oaks,https://samedayappliance.repair/sherman-oaks/,0,16,62.6,0
appliance repair sherman oaks ca,https://samedayappliance.repair/sherman-oaks/,0,15,58.7,0
appliance repair sherman oaks ca,https://samedayappliance.repair/west-hollywood/,0,14,62.4,0
appliance repair simi valley ca,https://samedayappliance.repair/simi-valley/,0,5,61.8,0
appliance repair simi valley ca,https://samedayappliance.repair/thousand-oaks/,0,36,1.3,0
appliance repair south pasadena,https://samedayappliance.repair/pasadena/,0,15,49.6,0
appliance repair south pasadena,https://samedayappliance.repair/south-pasadena/,0,15,29,0
appliance repair studio city,https://samedayappliance.repair/studio-city/,0,35,54.6,0
appliance repair studio city ca,https://samedayappliance.repair/west-hollywood/,0,18,36.6,0
appliance repair sun valley ca,https://samedayappliance.repair/west-hollywood/,0,6,74.3,0
appliance repair tarzana,https://samedayappliance.repair/tarzana/,0,9,43.9,0
appliance repair tarzana ca,https://samedayappliance.repair/tarzana/,0,6,33.3,0
appliance repair technician​,https://samedayappliance.repair/west-hollywood/,0,7,23.9,0
appliance repair thousand oaks ca,https://samedayappliance.repair/thousand-oaks/,0,103,7.1,0
appliance repair toluca lake,https://samedayappliance.repair/burbank/,0,7,35,0
appliance repair toluca lake,https://samedayappliance.repair/toluca-lake/,0,16,18.5,0
appliance repair torrance,https://samedayappliance.repair/torrance/,0,12,59.7,0
appliance repair torrance ca,https://samedayappliance.repair/torrance/,0,12,58,0
appliance repair tustin ca,https://samedayappliance.repair/tustin/,0,16,59.1,0
appliance repair upland,https://samedayappliance.repair/upland/,0,27,25.1,0
appliance repair upland ca,https://samedayappliance.repair/upland/,0,9,26.6,0
appliance repair valley glen ca,https://samedayappliance.repair/west-hollywood/,0,19,53.6,0
appliance repair venice ca,https://samedayappliance.repair/los-angeles/,0,44,19.6,0
appliance repair ventura,https://samedayappliance.repair/ventura-county/,0,16,72.8,0
appliance repair ventura,https://samedayappliance.repair/ventura/,0,16,59,0
appliance repair ventura ca,https://samedayappliance.repair/ventura-county/,0,29,69.3,0
appliance repair ventura ca,https://samedayappliance.repair/ventura/,0,30,55.8,0
appliance repair ventura county,https://samedayappliance.repair/ventura-county/,0,14,66.4,0
appliance repair ventura county,https://samedayappliance.repair/ventura/,0,14,59.1,0
appliance repair villa park ca,https://samedayappliance.repair/villa-park/,0,6,24.7,0
appliance repair west hills,https://samedayappliance.repair/west-hollywood/,0,7,59.1,0
appliance repair west hills ca,https://samedayappliance.repair/west-hollywood/,0,14,62.4,0
appliance repair west hollywood,https://samedayappliance.repair/west-hollywood/,0,209,6.0,0
appliance repair west hollywood ca,https://samedayappliance.repair/west-hollywood/,0,43,2.0,0
appliance repair west la,https://samedayappliance.repair/west-hollywood/,0,27,14.8,0
appliance repair west los angeles,https://samedayappliance.repair/los-angeles/,0,16,2.2,0
appliance repair west los angeles,https://samedayappliance.repair/west-hollywood/,0,30,19.7,0
appliance repair woodland hills,https://samedayappliance.repair/woodland-hills/,0,12,69.1,0
appliance repair woodland hills ca,https://samedayappliance.repair/woodland-hills/,0,37,58.6,0
appliance repair yorba linda ca,https://samedayappliance.repair/yorba-linda/,0,11,52.6,0
appliance repairs,https://samedayappliance.repair/san-gabriel/,0,16,33.7,0
appliance repairs arcadia,https://samedayappliance.repair/arcadia/,0,14,42.6,0
appliance repairs la cañada flintridge,https://samedayappliance.repair/la-canada-flintridge/,0,14,40.8,0
appliance repairs monterey park,https://samedayappliance.repair/monterey-park/,0,16,18.1,0
appliance repairs near me,https://samedayappliance.repair/san-gabriel/,0,16,35.9,0
appliance repairs pasadena,https://samedayappliance.repair/pasadena/,0,15,43.6,0
appliance repairs san marino,https://samedayappliance.repair/san-marino/,0,16,12.9,0
appliance repairs temple city,https://samedayappliance.repair/temple-city/,0,15,39.3,0
appliance service in pasadena,https://samedayappliance.repair/pasadena/,0,19,44.2,0
appliance service los angeles ca,https://samedayappliance.repair/los-angeles/,0,5,59,0
appliance store arcadia,https://samedayappliance.repair/arcadia/,0,6,29.5,0
appliane repair culver city ca,https://samedayappliance.repair/west-hollywood/,0,27,21,0
arcadia appliance repair,https://samedayappliance.repair/arcadia/,0,17,56.2,0
avantco oven repair,https://samedayappliance.repair/commercial/oven-repair/,0,8,58.4,0
average cost of dryer repair,https://samedayappliance.repair/price-list/dryer-repair-cost/,0,5,52,0
average dishwasher repair cost 2026,https://samedayappliance.repair/price-list/dishwasher-repair-cost/,0,7,12,0
average dryer repair cost,https://samedayappliance.repair/price-list/dryer-repair-cost/,0,6,50.7,0
barbecue grill repair,https://samedayappliance.repair/services/bbq-grill-repair-los-angeles/,0,10,30.8,0
barbecue grill repair in southern california,https://samedayappliance.repair/services/bbq-grill-repair-los-angeles/,0,7,41.6,0
barbecue grill repair service,https://samedayappliance.repair/services/bbq-grill-repair-los-angeles/,0,9,58.4,0
barbecue repair,https://samedayappliance.repair/services/bbq-grill-repair-los-angeles/,0,13,29.8,0
barbecue restoration,https://samedayappliance.repair/services/bbq-grill-repair-los-angeles/,0,7,24.1,0
barbecues repair,https://samedayappliance.repair/services/bbq-grill-repair-los-angeles/,0,9,39.9,0
barbeque grill repair,https://samedayappliance.repair/services/bbq-grill-repair-los-angeles/,0,14,59.8,0
barbeque repair,https://samedayappliance.repair/services/bbq-grill-repair-los-angeles/,0,7,37.6,0
bbq grill repair,https://samedayappliance.repair/services/bbq-grill-repair-los-angeles/,0,18,59.3,0
bbq grill repair glendale,https://samedayappliance.repair/services/bbq-grill-repair-los-angeles/,0,6,13.2,0
bbq grill repair near me,https://samedayappliance.repair/services/bbq-grill-repair-los-angeles/,0,6,13.8,0
bbq repair,https://samedayappliance.repair/services/bbq-grill-repair-los-angeles/,0,11,26.4,0
bbq repair near me,https://samedayappliance.repair/services/bbq-grill-repair-los-angeles/,0,14,9.5,0
bbq smoker repair near me,https://samedayappliance.repair/services/bbq-grill-repair-los-angeles/,0,5,9.6,0
bel air appliance repair,https://samedayappliance.repair/bel-air/,0,8,40.9,0
beverly hills appliance repair,https://samedayappliance.repair/beverly-hills/,0,16,42.2,0
blaze appliance repair service,https://samedayappliance.repair/outdoor/,0,10,64.8,0
blaze refrigerator repair,https://samedayappliance.repair/outdoor/,0,12,42.1,0
bosch appliance repair,https://samedayappliance.repair/los-angeles/,0,33,1,0
bosch appliance repair,https://samedayappliance.repair/west-hollywood/,0,134,1,0
bosch appliance repair brentwood,https://samedayappliance.repair/brentwood/,0,7,43.6,0
bosch appliance repair laguna niguel,https://samedayappliance.repair/laguna-niguel/,0,14,38.1,0
bosch dishwasher door spring repair cost,https://samedayappliance.repair/price-list/dishwasher-repair-cost/,0,7,7.1,0
bosch dishwasher repair cost,https://samedayappliance.repair/price-list/dishwasher-repair-cost/,0,6,23.2,0
brentwood appliance repair,https://samedayappliance.repair/brentwood/,0,8,59.9,0
brentwood dishwasher repair,https://samedayappliance.repair/brentwood/,0,6,53,0
built-in freezer repair,https://samedayappliance.repair/services/built-in-refrigerator-repair/,0,10,53.4,0
built-in fridge repair,https://samedayappliance.repair/services/built-in-refrigerator-repair/,0,7,66.1,0
built-in grill repair,https://samedayappliance.repair/services/bbq-grill-repair-los-angeles/,0,8,23.1,0
bull outdoor refrigerator repair,https://samedayappliance.repair/outdoor/,0,15,56.1,0
bull outdoor refrigerator repair,https://samedayappliance.repair/services/outdoor-refrigerator-repair/,0,16,25.8,0
burbank appliance repair,https://samedayappliance.repair/burbank/,0,18,57.1,0
burbank appliance repair specialists,https://samedayappliance.repair/burbank/,0,11,54.5,0
burbank refrigerator repair,https://samedayappliance.repair/burbank/,0,15,56.5,0
bureau of electronic and appliance repair,https://samedayappliance.repair/credentials/licensed/,0,5,16.4,0
cafe refrigerator repair,https://samedayappliance.repair/brands/ge-cafe/,0,6,47.7,0
calabasas appliance repair,https://samedayappliance.repair/calabasas/,0,15,77.7,0
calabasas dryer repair,https://samedayappliance.repair/calabasas/,0,15,59.7,0
calabasas freezer repair,https://samedayappliance.repair/calabasas/,0,6,78,0
calabasas fridge repair,https://samedayappliance.repair/calabasas/,0,16,70.4,0
calabasas oven repair,https://samedayappliance.repair/calabasas/,0,17,79.7,0
calabasas refrigerator repair,https://samedayappliance.repair/calabasas/,0,15,82.7,0
calabasas stove repair,https://samedayappliance.repair/calabasas/,0,16,81,0
calabasas washer repair,https://samedayappliance.repair/calabasas/,0,16,73.7,0
california same day appliance repair,https://samedayappliance.repair/,0,6,3.2,0
california same day appliance repair,https://samedayappliance.repair/los-angeles/,0,7,24.7,0
california same day appliance repair,https://samedayappliance.repair/west-hollywood/,0,8,7.2,0
capital barbecue repair,https://samedayappliance.repair/services/bbq-grill-repair-los-angeles/,0,8,22.6,0
capital grill repair,https://samedayappliance.repair/services/bbq-grill-repair-los-angeles/,0,12,21.8,0
cellar cooling repairs near me,https://samedayappliance.repair/services/wine-cellar-cooling-repair/,0,5,64,0
cellarpro repair,https://samedayappliance.repair/services/wine-cellar-repair-los-angeles/,0,16,22.4,0
cellarpro repair,https://samedayappliance.repair/services/wine-cellar-repair/,0,5,56.2,0
cellarpro repair los angeles,https://samedayappliance.repair/los-angeles/,0,6,7.2,0
cellarpro repair los angeles,https://samedayappliance.repair/services/wine-cellar-repair-los-angeles/,0,7,14.6,0
cellarpro repair los angeles,https://samedayappliance.repair/services/wine-cellar-repair/,0,21,11.6,0
champion dishwasher customer service,https://samedayappliance.repair/brands/champion-dishwasher-repair/,0,5,34,0
champion dishwasher repair,https://samedayappliance.repair/brands/champion-dishwasher-repair/,0,8,14.2,0
charcoal bbq repair,https://samedayappliance.repair/services/bbq-grill-repair-los-angeles/,0,7,17.3,0
clothes dryer repair cost,https://samedayappliance.repair/price-list/dryer-repair-cost/,0,9,29.6,0
cma dishwasher repair,https://samedayappliance.repair/cma-dishmachines-repair/,0,5,20.2,0
combi oven repair,https://samedayappliance.repair/commercial/oven-repair/combi-oven-repair/,0,12,17.7,0
combi oven repair,https://samedayappliance.repair/services/wall-oven-repair/,0,18,22.7,0
commercial appliance repair,https://samedayappliance.repair/west-hollywood/,0,7,3.9,0
commercial appliance repair laguna niguel,https://samedayappliance.repair/laguna-niguel/,0,5,42.8,0
commercial appliance repair los angeles,https://samedayappliance.repair/,0,6,63.5,0
commercial appliance repair los angeles,https://samedayappliance.repair/commercial/,0,6,61.8,0
commercial appliance repair los angeles,https://samedayappliance.repair/commercial/washer-repair/,0,9,65,0
commercial appliance repair rancho cucamonga,https://samedayappliance.repair/rancho-cucamonga/,0,9,36.1,0
commercial appliance repair temecula,https://samedayappliance.repair/temecula/,0,5,52.8,0
commercial barbecue repair,https://samedayappliance.repair/services/bbq-grill-repair-los-angeles/,0,28,20.6,0
commercial convection oven repair,https://samedayappliance.repair/commercial/oven-repair/,0,6,58.7,0
commercial deep fryer repair,https://samedayappliance.repair/commercial/fryer-repair/,0,9,78.4,0
commercial deep fryer repair,https://samedayappliance.repair/services/commercial-fryer-machine-repair-los-angeles/,0,36,59.4,0
commercial dish machine repair,https://samedayappliance.repair/commercial/dishwasher-repair/,0,5,69,0
commercial dishwasher repair,https://samedayappliance.repair/services/commercial-dishwasher-repair-los-angeles/,0,12,35.1,0
commercial dishwasher service,https://samedayappliance.repair/services/commercial-dishwasher-repair-los-angeles/,0,8,29.4,0
commercial dishwasher services,https://samedayappliance.repair/services/commercial-dishwasher-repair-los-angeles/,0,5,30.2,0
commercial dryer repair,https://samedayappliance.repair/commercial/laundry-repair/,0,25,35,0
commercial exhaust fan repair glendale ca,https://samedayappliance.repair/commercial/exhaust-hood-repair/,0,6,36.8,0
commercial exhaust hood repair,https://samedayappliance.repair/commercial/exhaust-hood-repair/,0,5,73.6,0
commercial exhaust hood repair cost,https://samedayappliance.repair/price-list/commercial-exhaust-hood-repair-cost/,0,1032,5.9,0
commercial exhaust hood repair cost,https://samedayappliance.repair/price-list/range-hood-repair-cost/,0,406,10.6,0
commercial food processor repair,https://samedayappliance.repair/commercial/food-processor-repair/,0,16,59.7,0
commercial freezer repair,https://samedayappliance.repair/commercial/refrigerator-repair/,0,10,49.8,0
commercial freezer repair los angeles,https://samedayappliance.repair/commercial/refrigeration/,0,5,64.2,0
commercial freezer repair los angeles,https://samedayappliance.repair/services/commercial-freezer-repair-los-angeles/,0,9,20.2,0
commercial freezer repair near me,https://samedayappliance.repair/services/commercial-freezer-repair-los-angeles/,0,9,39.7,0
commercial fridge repair,https://samedayappliance.repair/services/commercial-refrigerator-repair-los-angeles/,0,11,27.2,0
commercial fridge repair los angeles ca,https://samedayappliance.repair/commercial/refrigeration/,0,5,50.8,0
commercial fryer repair,https://samedayappliance.repair/commercial/fryer-repair/,0,15,74.1,0
commercial fryer repair,https://samedayappliance.repair/services/commercial-fryer-machine-repair-los-angeles/,0,55,59.1,0
commercial gas fryer repair,https://samedayappliance.repair/commercial/fryer-repair/,0,19,83.7,0
commercial gas fryer repair,https://samedayappliance.repair/services/commercial-fryer-machine-repair-los-angeles/,0,25,72.7,0
commercial holding cabinet repair,https://samedayappliance.repair/commercial/holding-cabinet-repair/,0,26,19.1,0
commercial ice machine cleaning cost,https://samedayappliance.repair/price-list/commercial-ice-machine-repair-cost/,0,5,11.8,0
commercial ice machine repair cost,https://samedayappliance.repair/price-list/commercial-ice-machine-repair-cost/,0,14,15.6,0
commercial ice machine repair cost average,https://samedayappliance.repair/price-list/commercial-ice-machine-repair-cost/,0,7,5.4,0
commercial ice maker repair,https://samedayappliance.repair/commercial/ice-machines/,0,7,92.6,0
commercial ice maker repair,https://samedayappliance.repair/services/ice-maker-repair/,0,5,86,0
commercial kitchen ventilation repairs cost,https://samedayappliance.repair/price-list/commercial-exhaust-hood-repair-cost/,0,7,7.9,0
commercial laundry equipment repair,https://samedayappliance.repair/commercial/laundry-repair/,0,12,88.1,0
commercial laundry equipment repair,https://samedayappliance.repair/commercial/washer-repair/,0,6,39.5,0
commercial laundry equipment service,https://samedayappliance.repair/commercial/laundry-repair/,0,10,62.8,0
commercial laundry equipment service,https://samedayappliance.repair/commercial/washer-repair/,0,11,44.3,0
commercial laundry machine repair,https://samedayappliance.repair/commercial/laundry-repair/,0,12,83.9,0
commercial laundry machine repair,https://samedayappliance.repair/commercial/washer-repair/,0,10,81.3,0
commercial laundry machine repair,https://samedayappliance.repair/services/commercial-laundry-machine-repair-los-angeles/,0,11,54.7,0
commercial laundry repair,https://samedayappliance.repair/commercial/laundry-repair/,0,16,79.6,0
commercial laundry repair,https://samedayappliance.repair/commercial/washer-repair/,0,10,44.2,0
commercial laundry repair service,https://samedayappliance.repair/commercial/washer-repair/,0,7,47.6,0
commercial oven repair,https://samedayappliance.repair/commercial/oven-repair/,0,7,71.6,0
commercial oven repair los angeles,https://samedayappliance.repair/services/commercial-stove-repair-los-angeles/,0,5,76.4,0
commercial pizza oven repair,https://samedayappliance.repair/commercial/pizza-oven-repair/,0,45,77.1,0
commercial refrigeration repair costs by region us,https://samedayappliance.repair/price-list/commercial-refrigerator-repair-cost/,0,17,9.5,0
commercial refrigeration repair los angeles,https://samedayappliance.repair/commercial/refrigeration/,0,10,58.5,0
commercial refrigeration repair los angeles,https://samedayappliance.repair/services/commercial-refrigerator-repair-los-angeles/,0,5,46.2,0
commercial refrigeration repair los angeles ca,https://samedayappliance.repair/commercial/refrigeration/,0,9,62.8,0
commercial refrigeration service rates,https://samedayappliance.repair/price-list/commercial-refrigerator-repair-cost/,0,7,15,0
commercial refrigerator repair los angeles,https://samedayappliance.repair/commercial/refrigeration/,0,7,63,0
commercial slushie machine repair,https://samedayappliance.repair/commercial/ice-machines/,0,7,40.6,0
commercial slushie machine repair,https://samedayappliance.repair/price-list/commercial-slushie-machine-repair-cost/,0,29,17.2,0
commercial slushie machine repair,https://samedayappliance.repair/services/commercial-slushie-machine-repair-los-angeles/,0,18,24.4,0
commercial steamer repair,https://samedayappliance.repair/commercial/steamer-repair/,0,23,65.0,0
commercial stove repairs,https://samedayappliance.repair/commercial/stove-repair/,0,5,67,0
commercial vent hood repair,https://samedayappliance.repair/commercial/exhaust-hood-repair/,0,5,86.8,0
commercial vent hood repair cost,https://samedayappliance.repair/price-list/commercial-exhaust-hood-repair-cost/,0,2116,6.3,0
commercial vent hood repair cost,https://samedayappliance.repair/price-list/range-hood-repair-cost/,0,221,11.7,0
commercial washer and dryer repair,https://samedayappliance.repair/commercial/laundry-repair/,0,17,39.7,0
commercial washer and dryer repair,https://samedayappliance.repair/commercial/washer-repair/,0,22,63.8,0
commercial washer repair,https://samedayappliance.repair/commercial/laundry-repair/,0,27,40.3,0
commercial washer repair,https://samedayappliance.repair/commercial/washer-repair/,0,33,62.9,0
commercial washer service,https://samedayappliance.repair/commercial/washer-repair/,0,6,83.3,0
commercial washing machine repair,https://samedayappliance.repair/commercial/laundry-repair/,0,5,67.6,0
commercial washing machine repair,https://samedayappliance.repair/commercial/washer-repair/,0,16,77.3,0
commercial washing machine repair,https://samedayappliance.repair/services/commercial-laundry-machine-repair-los-angeles/,0,6,65.2,0
commercial wine cellar repair,https://samedayappliance.repair/services/wine-cellar-cooling-repair/,0,7,39.4,0
commercial wine cellar repair,https://samedayappliance.repair/services/wine-cellar-repair-los-angeles/,0,10,23.5,0
commercial wine cooler repair,https://samedayappliance.repair/services/wine-cooler-repair/,0,11,15.2,0
cooktop repair,https://samedayappliance.repair/pasadena/,0,17,11.2,0
cooktop repair burbank,https://samedayappliance.repair/burbank/,0,13,60.1,0
cooktop repair cost,https://samedayappliance.repair/price-list/cooktop-repair-cost/,0,6,28.2,0
cooktop repair near me,https://samedayappliance.repair/pasadena/,0,12,11.3,0
cooktop repair pasadena,https://samedayappliance.repair/pasadena/,0,17,34.2,0
cooktop repair pasadena,https://samedayappliance.repair/south-pasadena/,0,5,63.4,0
cooler repair,https://samedayappliance.repair/services/commercial-walk-in-cooler-repair-los-angeles/,0,9,56.8,0
cost air conditioner repair,https://samedayappliance.repair/price-list/air-conditioner-repair-cost/,0,7,62,0
cost for dishwasher repair,https://samedayappliance.repair/price-list/dishwasher-repair-cost/,0,5,41.6,0
cost of dishwasher repair,https://samedayappliance.repair/price-list/dishwasher-repair-cost/,0,5,45.6,0
cost of garbage disposal repair,https://samedayappliance.repair/price-list/garbage-disposal-repair-cost/,0,6,74.3,0
cost of refrigerator compressor repair,https://samedayappliance.repair/price-list/refrigerator-repair-cost/,0,8,73.5,0
cost of washer repair,https://samedayappliance.repair/price-list/washer-repair-cost/,0,5,54.8,0
cost to fix a water heater,https://samedayappliance.repair/price-list/water-heater-repair-cost/,0,9,96.4,0
cost to fix dishwasher,https://samedayappliance.repair/price-list/dishwasher-repair-cost/,0,10,73.5,0
cost to fix fireplace,https://samedayappliance.repair/price-list/fireplace-repair-cost/,0,6,30.2,0
cost to fix garbage disposal,https://samedayappliance.repair/price-list/garbage-disposal-repair-cost/,0,44,46.0,0
cost to fix oven,https://samedayappliance.repair/price-list/wall-oven-repair-cost/,0,5,27.2,0
cost to repair a water heater,https://samedayappliance.repair/price-list/water-heater-repair-cost/,0,8,96.2,0
cost to repair wine fridge,https://samedayappliance.repair/price-list/commercial-wine-cooler-repair-cost/,0,5,44.6,0
cost to repair wine fridge,https://samedayappliance.repair/price-list/wine-cooler-repair-cost/,0,12,9,0
cost to replace dryer vent,https://samedayappliance.repair/price-list/dryer-vent-repair-cost/,0,5,41.6,0
cove dishwasher repair brentwood,https://samedayappliance.repair/brentwood/,0,24,18.5,0
dacor appliance repair,https://samedayappliance.repair/west-hollywood/,0,25,1,0
deep fryer repair,https://samedayappliance.repair/commercial/fryer-repair/,0,7,63.3,0
deep fryer repair,https://samedayappliance.repair/services/commercial-fryer-machine-repair-los-angeles/,0,9,47.3,0
deep fryer repair service,https://samedayappliance.repair/services/commercial-fryer-machine-repair-los-angeles/,0,5,70.8,0
dehumidifier repair moorpark ca,https://samedayappliance.repair/moorpark/,0,5,31,0
dexter washing machine repair,https://samedayappliance.repair/services/commercial-dryer-repair-los-angeles/,0,5,35.2,0
dish washer repair brentwood,https://samedayappliance.repair/brentwood/,0,9,56.4,0
dishwasher door spring repair cost,https://samedayappliance.repair/price-list/dishwasher-door-spring-repair-cost/,0,7,23.4,0
dishwasher door spring repair cost,https://samedayappliance.repair/price-list/dishwasher-repair-cost/,0,36,12.1,0
dishwasher leak repair cost,https://samedayappliance.repair/price-list/dishwasher-repair-cost/,0,15,55.2,0
dishwasher repair,https://samedayappliance.repair/agoura-hills/,0,13,33.7,0
dishwasher repair,https://samedayappliance.repair/areas/los-angeles-and-surrounding-areas/,0,15,42.3,0
dishwasher repair,https://samedayappliance.repair/calabasas/,0,13,44,0
dishwasher repair,https://samedayappliance.repair/los-angeles/,0,5,21,0
dishwasher repair,https://samedayappliance.repair/mission-viejo/,0,6,36.5,0
dishwasher repair,https://samedayappliance.repair/pasadena/,0,39,15.8,0
dishwasher repair,https://samedayappliance.repair/silver-lake/,0,5,40.2,0
dishwasher repair,https://samedayappliance.repair/thousand-oaks/,0,25,19.2,0
dishwasher repair,https://samedayappliance.repair/west-hollywood/,0,31,11.5,0
dishwasher repair and maintenance services market,https://samedayappliance.repair/price-list/,0,8,90.8,0
dishwasher repair brentwood,https://samedayappliance.repair/brentwood/,0,5,48.2,0
dishwasher repair burbank,https://samedayappliance.repair/burbank/,0,10,62.2,0
dishwasher repair cost,https://samedayappliance.repair/price-list/dishwasher-repair-cost/,0,45,39.9,0
dishwasher repair laguna niguel,https://samedayappliance.repair/laguna-niguel/,0,7,46,0
dishwasher repair los angeles,https://samedayappliance.repair/services/dishwasher-repair-los-angeles/,0,5,31,0
dishwasher repair monterey,https://samedayappliance.repair/monterey-park/,0,15,41.7,0
dishwasher repair near me same day,https://samedayappliance.repair/los-angeles/,0,7,11.4,0
dishwasher repair near me same day,https://samedayappliance.repair/west-hollywood/,0,7,7.3,0
dishwasher repair pasadena,https://samedayappliance.repair/pasadena/,0,16,46.7,0
dishwasher repair price,https://samedayappliance.repair/price-list/dishwasher-repair-cost/,0,5,51.8,0
dishwasher repair rancho cucamonga,https://samedayappliance.repair/rancho-cucamonga/,0,9,29.7,0
dishwasher service,https://samedayappliance.repair/agoura-hills/,0,15,34.1,0
dishwasher service,https://samedayappliance.repair/calabasas/,0,14,42.2,0
dishwasher service,https://samedayappliance.repair/services/dishwasher-repair/,0,19,52.2,0
dishwasher service,https://samedayappliance.repair/thousand-oaks/,0,12,19,0
dryer motor repair cost,https://samedayappliance.repair/price-list/dryer-motor-replacement-cost/,0,6,31.8,0
dryer motor replacement cost,https://samedayappliance.repair/price-list/dryer-motor-replacement-cost/,0,12,17.1,0
dryer repair,https://samedayappliance.repair/agoura-hills/,0,16,44.5,0
dryer repair,https://samedayappliance.repair/beverly-hills/,0,17,21.3,0
dryer repair,https://samedayappliance.repair/calabasas/,0,17,27.7,0
dryer repair,https://samedayappliance.repair/los-angeles/,0,19,1,0
dryer repair,https://samedayappliance.repair/pasadena/,0,32,18.1,0
dryer repair,https://samedayappliance.repair/thousand-oaks/,0,13,26.5,0
dryer repair,https://samedayappliance.repair/west-hollywood/,0,64,4.8,0
dryer repair,https://samedayappliance.repair/westlake-village/,0,5,19,0
dryer repair brentwood,https://samedayappliance.repair/brentwood/,0,8,59.1,0
dryer repair burbank,https://samedayappliance.repair/burbank/,0,34,61.9,0
dryer repair cost,https://samedayappliance.repair/price-list/dryer-repair-cost/,0,12,52.2,0
dryer repair cost heating element,https://samedayappliance.repair/price-list/dryer-repair-cost/,0,5,49.8,0
dryer repair costs,https://samedayappliance.repair/price-list/dryer-repair-cost/,0,5,60.8,0
dryer repair hemet,https://samedayappliance.repair/hemet/,0,10,29.8,0
dryer repair highland park,https://samedayappliance.repair/highland-park/,0,18,38.2,0
dryer repair in woodland hills,https://samedayappliance.repair/woodland-hills/,0,14,75.8,0
dryer repair los angeles,https://samedayappliance.repair/services/dryer-repair-los-angeles/,0,14,36.2,0
dryer repair monterey,https://samedayappliance.repair/monterey-park/,0,10,37.8,0
dryer repair near me,https://samedayappliance.repair/pasadena/,0,13,15.9,0
dryer repair near me,https://samedayappliance.repair/rancho-cucamonga/,0,11,18.4,0
dryer repair near me,https://samedayappliance.repair/riverside-county/,0,13,72.1,0
dryer repair near me,https://samedayappliance.repair/thousand-oaks/,0,30,1,0
dryer repair near me,https://samedayappliance.repair/west-hollywood/,0,5,12.6,0
dryer repair near me same day,https://samedayappliance.repair/los-angeles/,0,5,12.4,0
dryer repair near me same day,https://samedayappliance.repair/west-hollywood/,0,6,12.3,0
dryer repair pasadena,https://samedayappliance.repair/pasadena/,0,37,45.0,0
dryer repair riverside,https://samedayappliance.repair/riverside-county/,0,5,63.4,0
dryer repair thousand oaks,https://samedayappliance.repair/thousand-oaks/,0,11,12.4,0
dryer repair upland,https://samedayappliance.repair/upland/,0,10,27.7,0
dryer repair ventura,https://samedayappliance.repair/ventura-county/,0,14,66.7,0
dryer repair ventura,https://samedayappliance.repair/ventura/,0,16,57.6,0
dryer repair west hollywood,https://samedayappliance.repair/west-hollywood/,0,5,22.6,0
dryer repairman cost,https://samedayappliance.repair/price-list/dryer-repair-cost/,0,6,30,0
dryer service,https://samedayappliance.repair/agoura-hills/,0,15,31.3,0
dryer service,https://samedayappliance.repair/calabasas/,0,14,26,0
dryer vent repair cost,https://samedayappliance.repair/price-list/dryer-vent-repair-cost/,0,9,33.2,0
electric bbq repair,https://samedayappliance.repair/services/bbq-grill-repair-los-angeles/,0,5,17.4,0
electric oven repair cost,https://samedayappliance.repair/price-list/oven-repair-cost/,0,8,21.5,0
electric smoker repair near me,https://samedayappliance.repair/services/bbq-grill-repair-los-angeles/,0,5,13,0
electric wall heater repair,https://samedayappliance.repair/services/wall-heater-repair-los-angeles/,0,55,43.9,0
electrical bbq repair,https://samedayappliance.repair/services/bbq-grill-repair-los-angeles/,0,24,15.3,0
electrolux washer repair,https://samedayappliance.repair/brands/electrolux-washer-repair/,0,11,91.7,0
emergency ammonia refrigeration repair california,https://samedayappliance.repair/commercial/refrigeration/,0,24,53.1,0
emergency ammonia refrigeration repair california,https://samedayappliance.repair/commercial/refrigerator-repair/,0,13,57.6,0
emergency ammonia refrigeration repair california,https://samedayappliance.repair/services/outdoor-refrigerator-repair/,0,11,71.8,0
emergency industrial refrigeration repair california,https://samedayappliance.repair/commercial/refrigeration/,0,23,65.7,0
emergency refrigerator repair,https://samedayappliance.repair/areas/los-angeles-and-surrounding-areas/,0,11,30.3,0
emergency refrigerator repair,https://samedayappliance.repair/beverly-hills/,0,13,24.6,0
emergency refrigerator repair,https://samedayappliance.repair/los-angeles/,0,6,36.5,0
emergency refrigerator repair,https://samedayappliance.repair/west-hollywood/,0,15,9.6,0
exhaust hood repair,https://samedayappliance.repair/services/range-hood-repair/,0,5,56.6,0
fireplace maintenance los angeles,https://samedayappliance.repair/services/fireplace-repair-los-angeles/,0,15,23.2,0
fireplace repair,https://samedayappliance.repair/services/fireplace-repair-los-angeles/,0,7,14.7,0
fireplace repair cost,https://samedayappliance.repair/price-list/fireplace-repair-cost/,0,37,18.6,0
fireplace repair koreatown,https://samedayappliance.repair/koreatown/,0,9,27.8,0
fireplace repair los angeles,https://samedayappliance.repair/services/fireplace-repair-los-angeles/,0,42,22.5,0
fireplace repair near me,https://samedayappliance.repair/services/fireplace-repair-los-angeles/,0,11,11.4,0
fireplace service los angeles,https://samedayappliance.repair/services/fireplace-repair-los-angeles/,0,22,29.6,0
fisher & paykel dishwasher repair,https://samedayappliance.repair/brands/fisher-paykel-dishwasher-repair/,0,8,63.9,0
fisher & paykel oven repair,https://samedayappliance.repair/brands/fisher-paykel-oven-repair/,0,14,32.1,0
fisher and paykel repair,https://samedayappliance.repair/brand-fisher-paykel-appliance-repair/,0,6,63.2,0
fisher paykel dishwasher repair,https://samedayappliance.repair/brands/fisher-paykel-dishwasher-repair/,0,7,70.4,0
fisher paykel oven repair,https://samedayappliance.repair/brands/fisher-paykel-oven-repair/,0,7,51.6,0
fisher paykel washing machine repair,https://samedayappliance.repair/brand-fisher-paykel-appliance-repair/,0,5,64.4,0
fix microwave,https://samedayappliance.repair/services/microwave-repair-los-angeles/,0,5,9,0
fix my barbecue,https://samedayappliance.repair/services/bbq-grill-repair-los-angeles/,0,8,21.4,0
fix my barbecue grill,https://samedayappliance.repair/services/bbq-grill-repair-los-angeles/,0,8,24,0
fix my bbq,https://samedayappliance.repair/services/bbq-grill-repair-los-angeles/,0,11,26.2,0
fix my bbq grill,https://samedayappliance.repair/services/bbq-grill-repair-los-angeles/,0,6,24.3,0
fix my grill,https://samedayappliance.repair/services/bbq-grill-repair-los-angeles/,0,5,26.4,0
food processor repair,https://samedayappliance.repair/commercial/food-processor-repair/,0,9,31.3,0
freestanding grill repair,https://samedayappliance.repair/services/bbq-grill-repair-los-angeles/,0,8,36.6,0
freezer box repair,https://samedayappliance.repair/services/freezer-repair-los-angeles/,0,8,33.9,0
freezer repair,https://samedayappliance.repair/services/freezer-repair-los-angeles/,0,23,11.2,0
freezer repair cost,https://samedayappliance.repair/price-list/commercial-freezer-repair-cost/,0,16,83.9,0
freezer repair cost,https://samedayappliance.repair/price-list/commercial-walk-in-freezer-repair-cost/,0,37,34.0,0
freezer repair cost,https://samedayappliance.repair/price-list/freezer-repair-cost/,0,39,58.7,0
freezer repair cost,https://samedayappliance.repair/price-list/refrigerator-repair-cost/,0,17,76.2,0
freezer repair los angeles,https://samedayappliance.repair/los-angeles/,0,5,62.6,0
freezer repair los angeles,https://samedayappliance.repair/services/freezer-repair-los-angeles/,0,12,27.8,0
freezer repair los angeles,https://samedayappliance.repair/services/freezer-repair/,0,5,62.6,0
freezer repair services,https://samedayappliance.repair/areas/los-angeles-and-surrounding-areas/,0,9,50.2,0
freezer repair services,https://samedayappliance.repair/los-angeles/,0,6,40.2,0
fridge repair,https://samedayappliance.repair/pasadena/,0,15,16.1,0
fridge repair,https://samedayappliance.repair/riverside/,0,5,31,0
fridge repair,https://samedayappliance.repair/services/refrigerator-repair-los-angeles/,0,5,25.2,0
fridge repair,https://samedayappliance.repair/west-hollywood/,0,5,1,0
fridge repair burbank,https://samedayappliance.repair/burbank/,0,18,61.3,0
fridge repair calabasas,https://samedayappliance.repair/calabasas/,0,17,66.3,0
fridge repair cost,https://samedayappliance.repair/price-list/refrigerator-repair-cost/,0,31,75.0,0
fridge repair huntington beach,https://samedayappliance.repair/huntington-beach/,0,5,60.6,0
fridge repair in woodland hills,https://samedayappliance.repair/woodland-hills/,0,7,87.6,0
fridge repair near me,https://samedayappliance.repair/anaheim/,0,7,18.1,0
fridge repair near me,https://samedayappliance.repair/chino-hills/,0,5,36.8,0
fridge repair near me,https://samedayappliance.repair/hemet/,0,5,16.6,0
fridge repair near me,https://samedayappliance.repair/pasadena/,0,16,12.4,0
fridge repair near me,https://samedayappliance.repair/redlands/,0,5,17.6,0
fridge repair near me,https://samedayappliance.repair/riverside-county/,0,5,39.6,0
fridge repair near me,https://samedayappliance.repair/west-hollywood/,0,5,3,0
fridge repair pasadena,https://samedayappliance.repair/pasadena/,0,13,41.1,0
fridge repair woodland hills,https://samedayappliance.repair/woodland-hills/,0,17,61.1,0
fryer repair,https://samedayappliance.repair/services/commercial-fryer-machine-repair-los-angeles/,0,35,51.2,0
garbage disposal fix cost,https://samedayappliance.repair/price-list/garbage-disposal-repair-cost/,0,10,80.5,0
garbage disposal repair,https://samedayappliance.repair/services/garbage-disposal-repair/,0,67,37.6,0
garbage disposal repair cost,https://samedayappliance.repair/price-list/garbage-disposal-repair-cost/,0,30,43.0,0
garbage disposal repair los angeles ca,https://samedayappliance.repair/price-list/garbage-disposal-repair-cost/,0,5,49,0
garbage disposal repair los angeles ca,https://samedayappliance.repair/services/garbage-disposal-repair/,0,5,79.6,0
garbage disposal repair pasadena california,https://samedayappliance.repair/services/garbage-disposal-repair/,0,12,43.9,0
garbage disposal repair price,https://samedayappliance.repair/price-list/garbage-disposal-repair-cost/,0,12,77.2,0
garbage disposal repair santa monica ca,https://samedayappliance.repair/services/garbage-disposal-repair/,0,11,54.3,0
gas bbq repair,https://samedayappliance.repair/services/bbq-grill-repair-los-angeles/,0,5,12.6,0
gas fireplace repair cost,https://samedayappliance.repair/price-list/fireplace-repair-cost/,0,27,16.9,0
gas fireplace repair los angeles,https://samedayappliance.repair/services/fireplace-repair-los-angeles/,0,18,24.6,0
gas fryer repair,https://samedayappliance.repair/services/commercial-fryer-machine-repair-los-angeles/,0,24,66.5,0
gas grill repair in southern california,https://samedayappliance.repair/services/bbq-grill-repair-los-angeles/,0,8,38.1,0
gas grill repair in southern california,https://samedayappliance.repair/services/bbq-grill-repair/,0,6,23.5,0
gas hob repairs near me,https://samedayappliance.repair/west-hollywood/,0,5,11.8,0
gas oven repair cost,https://samedayappliance.repair/price-list/oven-repair-cost/,0,5,48,0
gas stove repair,https://samedayappliance.repair/services/stove-repair-los-angeles/,0,5,9,0
gas stove repair cost,https://samedayappliance.repair/price-list/commercial-stove-repair-cost/,0,6,36.3,0
gas stove repair cost,https://samedayappliance.repair/price-list/range-repair-cost/,0,5,41.4,0
gas stove repair cost,https://samedayappliance.repair/price-list/stove-repair-cost/,0,6,35,0
gas stove repair near me,https://samedayappliance.repair/services/range-repair-los-angeles/,0,7,52.9,0
gas stove repair near me,https://samedayappliance.repair/services/stove-repair-los-angeles/,0,12,10.2,0
gas stove repair near me,https://samedayappliance.repair/services/stove-repair/,0,6,62,0
ge cafe refrigerator repair,https://samedayappliance.repair/brands/ge-cafe/,0,7,26.4,0
ge dishwasher repair cost,https://samedayappliance.repair/price-list/dishwasher-repair-cost/,0,6,13.3,0
ge front load washer repair,https://samedayappliance.repair/brands/ge-washer-repair/,0,5,60.2,0
ge repair costa mesa,https://samedayappliance.repair/costa-mesa/,0,13,40.3,0
ge repair laguna niguel,https://samedayappliance.repair/laguna-niguel/,0,10,40.8,0
ge repair mission viejo,https://samedayappliance.repair/mission-viejo/,0,7,45.7,0
ge repair near me,https://samedayappliance.repair/riverside-county/,0,6,34.5,0
ge stackable washer dryer repair,https://samedayappliance.repair/brands/ge-washer-repair/,0,5,75.4,0
ge washer dryer combo repair,https://samedayappliance.repair/brands/ge-washer-repair/,0,6,73.7,0
ge washer repair near me,https://samedayappliance.repair/west-hollywood/,0,5,1,0
ghost kitchen equipment repair,https://samedayappliance.repair/for-business/restaurants/,0,9,34.7,0
glendale same day heat pump repair,https://samedayappliance.repair/glendale/,0,19,65.8,0
grill repair,https://samedayappliance.repair/services/bbq-grill-repair-los-angeles/,0,11,17.5,0
grill restoration near me,https://samedayappliance.repair/services/bbq-grill-repair-los-angeles/,0,6,13.7,0
heat pump service cost,https://samedayappliance.repair/price-list/heat-pump-repair-cost/,0,7,66.3,0
heater repair los angeles,https://samedayappliance.repair/services/wall-heater-repair-los-angeles/,0,15,50.6,0
heating replacement los angeles,https://samedayappliance.repair/services/wall-heater-repair-los-angeles/,0,6,46,0
high end appliance repair brentwood,https://samedayappliance.repair/brentwood/,0,6,40.2,0
highland park appliance repair,https://samedayappliance.repair/highland-park/,0,34,40.1,0
hobart commercial dishwasher repair,https://samedayappliance.repair/brands/hobart-dishwasher-repair/,0,5,31.2,0
hollywood home appliance repair,https://samedayappliance.repair/hollywood/,0,7,72,0
home appliance repair burbank,https://samedayappliance.repair/burbank/,0,16,50,0
home appliance repair near me,https://samedayappliance.repair/hemet/,0,6,17.8,0
home appliance repair near me,https://samedayappliance.repair/pasadena/,0,8,17,0
home appliance repair near me,https://samedayappliance.repair/west-hollywood/,0,5,48.4,0
home appliance repair pasadena,https://samedayappliance.repair/pasadena/,0,19,38.7,0
home repair silver lake ca,https://samedayappliance.repair/silver-lake/,0,5,40.8,0
hood fan repair,https://samedayappliance.repair/services/range-hood-repair/,0,8,57.8,0
hood repair,https://samedayappliance.repair/services/range-hood-repair/,0,5,48.6,0
hotel appliance repair,https://samedayappliance.repair/for-business/hotels/,0,10,28.4,0
how much does it cost to fix a garbage disposal,https://samedayappliance.repair/price-list/garbage-disposal-repair-cost/,0,5,68.2,0
how much does it cost to fix an oven,https://samedayappliance.repair/price-list/oven-repair-cost/,0,6,25.5,0
how much does it cost to repair a dishwasher,https://samedayappliance.repair/price-list/dishwasher-repair-cost/,0,5,34,0
how much does it cost to repair a dryer,https://samedayappliance.repair/price-list/dryer-repair-cost/,0,7,51.7,0
how much does it cost to repair an oven,https://samedayappliance.repair/price-list/oven-repair-cost/,0,5,26.6,0
how much is refrigerator repair,https://samedayappliance.repair/price-list/refrigerator-repair-cost/,0,5,76.2,0
how much it cost to fix a machine in laudramat,https://samedayappliance.repair/price-list/commercial-laundry-repair-cost/,0,6,9,0
how much to fix a refrigerator,https://samedayappliance.repair/price-list/refrigerator-repair-cost/,0,6,75.3,0
how much to repair a refrigerator,https://samedayappliance.repair/price-list/refrigerator-repair-cost/,0,5,69,0
how much to repair refrigerator,https://samedayappliance.repair/price-list/refrigerator-repair-cost/,0,5,69.8,0
huntington beach washing machine repair,https://samedayappliance.repair/huntington-beach/,0,7,65.4,0
"hvac services in pacific palisades, ca",https://samedayappliance.repair/pacific-palisades/,0,7,84.6,0
hvac services price list los angeles,https://samedayappliance.repair/price-list/air-conditioner-repair-cost/,0,6,40.3,0
ice machine cleaning service cost,https://samedayappliance.repair/price-list/commercial-ice-machine-repair-cost/,0,12,27,0
ice machine repair cost,https://samedayappliance.repair/price-list/commercial-ice-machine-repair-cost/,0,5,21.8,0
ice machine repair near me,https://samedayappliance.repair/anaheim/,0,8,8.2,0
ice machine repair near me,https://samedayappliance.repair/san-bernardino/,0,10,17.4,0
ice machine water filter repair,https://samedayappliance.repair/services/ice-maker-repair/,0,5,80.2,0
ice maker repair,https://samedayappliance.repair/services/ice-maker-repair/,0,33,20.3,0
ice maker repair laguna niguel,https://samedayappliance.repair/laguna-niguel/,0,9,47,0
ice maker repair monterey,https://samedayappliance.repair/monterey-park/,0,12,30.2,0
ice maker repair near me,https://samedayappliance.repair/anaheim/,0,10,14,0
ice maker repair near me,https://samedayappliance.repair/rancho-cucamonga/,0,10,16,0
ice maker repair near me,https://samedayappliance.repair/san-bernardino-county/,0,6,17.2,0
ice maker repair near me,https://samedayappliance.repair/san-bernardino/,0,5,14.6,0
ice maker repair riverside,https://samedayappliance.repair/riverside/,0,8,17.4,0
induction cooktop repair,https://samedayappliance.repair/services/induction-cooktop-repair-los-angeles/,0,5,41,0
induction cooktop repair,https://samedayappliance.repair/services/induction-cooktop-repair/,0,9,34.4,0
industrial mixer repair,https://samedayappliance.repair/commercial/mixer-repair/,0,5,43.4,0
infrared bbq repair,https://samedayappliance.repair/services/bbq-grill-repair-los-angeles/,0,6,17,0
kenmore coldspot refrigerator repair,https://samedayappliance.repair/brands/kenmore/kenmore-refrigerator-repair/,0,9,45.3,0
kitchen appliance repair burbank,https://samedayappliance.repair/burbank/,0,14,48.2,0
kitchen appliance repair near me,https://samedayappliance.repair/west-hollywood/,0,6,39.7,0
kitchen appliance repair pasadena,https://samedayappliance.repair/pasadena/,0,13,36.4,0
kitchen appliance repair service,https://samedayappliance.repair/rancho-cucamonga/,0,8,15.8,0
kitchen appliance repair service,https://samedayappliance.repair/riverside/,0,8,14.5,0
kitchen hood installation los angeles,https://samedayappliance.repair/services/range-hood-repair/,0,5,60,0
kitchen repairs ventura ca,https://samedayappliance.repair/ventura/,0,8,51.6,0
la canada flintridge appliance repair,https://samedayappliance.repair/la-canada-flintridge/,0,17,41.6,0
lake sherwood hvac repair & installation,https://samedayappliance.repair/thousand-oaks/,0,10,11.7,0
laundromat appliance repair,https://samedayappliance.repair/commercial/washer-repair/,0,8,51.5,0
laundry equipment repair,https://samedayappliance.repair/commercial/washer-repair/,0,5,92,0
laundry equipment service,https://samedayappliance.repair/commercial/laundry-repair/,0,5,41,0
lg appliance repair,https://samedayappliance.repair/brands/lg/,0,73,56.3,0
lg appliance repair,https://samedayappliance.repair/west-hollywood/,0,5,27,0
lg appliance repair service,https://samedayappliance.repair/brands/lg/,0,10,77,0
lg dishwasher repair,https://samedayappliance.repair/brands/lg/,0,36,51.1,0
lg dryer motor replacement cost,https://samedayappliance.repair/price-list/dryer-motor-replacement-cost/,0,5,7.6,0
lg dryer repair,https://samedayappliance.repair/brands/lg/,0,15,70.4,0
lg dryer repair cost,https://samedayappliance.repair/price-list/lg-dryer-repair-cost/,0,11,12.5,0
lg dryer repair service,https://samedayappliance.repair/brands/lg/,0,15,73.7,0
lg freezer repair,https://samedayappliance.repair/brands/lg/,0,8,63.2,0
lg fridge repair,https://samedayappliance.repair/brands/lg/,0,13,59.7,0
lg gas dryer repair,https://samedayappliance.repair/brands/lg/,0,9,42.9,0
lg laundry machine repair,https://samedayappliance.repair/brands/lg/,0,5,79.8,0
lg laundry repair,https://samedayappliance.repair/brands/lg/,0,5,69,0
lg microwave oven repair,https://samedayappliance.repair/brands/lg/,0,7,61.6,0
lg microwave repair,https://samedayappliance.repair/brands/lg/,0,6,60.5,0
lg oven repair,https://samedayappliance.repair/brands/lg/,0,15,60.1,0
lg refrigerator repair,https://samedayappliance.repair/brands/lg/,0,27,70.6,0
lg refrigerator repair,https://samedayappliance.repair/los-angeles/,0,5,41,0
lg refrigerator repairs,https://samedayappliance.repair/brands/lg/,0,8,74.6,0
lg repair service,https://samedayappliance.repair/brands/lg/,0,11,28.7,0
lg repair west hollywood,https://samedayappliance.repair/west-hollywood/,0,142,1,0
lg washer repair,https://samedayappliance.repair/brands/lg/,0,46,74.7,0
lg washer repair los angeles,https://samedayappliance.repair/brands/lg/,0,7,42.6,0
lg washing machine repair,https://samedayappliance.repair/brands/lg/,0,15,74.7,0
lg washing machine repair near me,https://samedayappliance.repair/west-hollywood/,0,26,2.9,0
liebherr freezer repair,https://samedayappliance.repair/brands/liebherr/,0,8,53.4,0
liebherr fridge repair,https://samedayappliance.repair/brands/liebherr/,0,7,66.9,0
liebherr refrigerator repair,https://samedayappliance.repair/brands/liebherr/,0,7,69.6,0
liebherr repair,https://samedayappliance.repair/brands/liebherr/,0,6,68.2,0
local appliance repair burbank,https://samedayappliance.repair/burbank/,0,16,43,0
local appliance repair pasadena,https://samedayappliance.repair/pasadena/,0,16,33.2,0
los angeles fireplace repair,https://samedayappliance.repair/services/fireplace-repair-los-angeles/,0,20,27,0
los angeles heater repair,https://samedayappliance.repair/services/wall-heater-repair-los-angeles/,0,7,50.1,0
los feliz appliance repair,https://samedayappliance.repair/los-feliz/,0,18,9.9,0
lynx bbq repair,https://samedayappliance.repair/outdoor/,0,6,71.7,0
lynx grill repair,https://samedayappliance.repair/outdoor/,0,6,59.2,0
margarita machine repair,https://samedayappliance.repair/commercial/ice-machines/,0,7,85.6,0
maytag dryer repair,https://samedayappliance.repair/brands/maytag/,0,18,66.7,0
maytag dryer repair,https://samedayappliance.repair/west-hollywood/,0,5,1,0
maytag repair,https://samedayappliance.repair/brands/maytag/,0,5,62.8,0
maytag repair costa mesa,https://samedayappliance.repair/costa-mesa/,0,8,41.8,0
maytag repair laguna niguel,https://samedayappliance.repair/laguna-niguel/,0,14,41.7,0
meat slicer repair,https://samedayappliance.repair/commercial/slicer-repair/,0,5,51.2,0
microwave oven repair,https://samedayappliance.repair/services/microwave-repair-los-angeles/,0,5,15.2,0
microwave repair,https://samedayappliance.repair/services/microwave-repair-los-angeles/,0,6,16.3,0
microwave repair,https://samedayappliance.repair/services/microwave-repair/,0,34,53.0,0
monterey appliance repair,https://samedayappliance.repair/monterey-park/,0,11,44.5,0
outdoor gas grill repair,https://samedayappliance.repair/services/bbq-grill-repair-los-angeles/,0,18,63.9,0
outdoor gas grill repair,https://samedayappliance.repair/services/bbq-grill-repair/,0,7,65.9,0
outdoor grill repair,https://samedayappliance.repair/services/bbq-grill-repair-los-angeles/,0,37,47.4,0
outdoor grill repair,https://samedayappliance.repair/services/bbq-grill-repair/,0,18,73.7,0
outdoor kitchen repair,https://samedayappliance.repair/outdoor/,0,17,37.1,0
outdoor kitchen repair,https://samedayappliance.repair/services/bbq-grill-repair-los-angeles/,0,17,14.9,0
oven repair,https://samedayappliance.repair/agoura-hills/,0,14,33.7,0
oven repair,https://samedayappliance.repair/beverly-hills/,0,15,13.1,0
oven repair,https://samedayappliance.repair/calabasas/,0,15,29.3,0
oven repair,https://samedayappliance.repair/los-angeles/,0,52,1.8,0
oven repair,https://samedayappliance.repair/pasadena/,0,37,13.1,0
oven repair,https://samedayappliance.repair/services/oven-repair-los-angeles/,0,18,20.2,0
oven repair,https://samedayappliance.repair/thousand-oaks/,0,6,20.2,0
oven repair,https://samedayappliance.repair/west-hollywood/,0,41,6.9,0
oven repair burbank,https://samedayappliance.repair/burbank/,0,30,60.3,0
oven repair cost,https://samedayappliance.repair/price-list/oven-repair-cost/,0,7,50.9,0
oven repair cost,https://samedayappliance.repair/price-list/wall-oven-repair-cost/,0,6,77,0
oven repair highland park,https://samedayappliance.repair/highland-park/,0,13,33.2,0
oven repair los angeles,https://samedayappliance.repair/services/oven-repair-los-angeles/,0,24,22.8,0
oven repair monterey,https://samedayappliance.repair/monterey-park/,0,11,44.5,0
oven repair near me,https://samedayappliance.repair/rancho-cucamonga/,0,8,17.8,0
oven repair near me,https://samedayappliance.repair/thousand-oaks/,0,10,1,0
oven repair pasadena,https://samedayappliance.repair/pasadena/,0,15,37.7,0
oven repair price,https://samedayappliance.repair/price-list/oven-repair-cost/,0,5,50.2,0
oven repair rancho cucamonga,https://samedayappliance.repair/rancho-cucamonga/,0,6,40,0
oven repair san bernardino ca,https://samedayappliance.repair/san-bernardino-county/,0,5,53,0
oven repair san bernardino ca,https://samedayappliance.repair/san-bernardino/,0,5,50.2,0
oven repair temecula,https://samedayappliance.repair/temecula/,0,8,48,0
oven repair thousand oaks,https://samedayappliance.repair/thousand-oaks/,0,6,8.3,0
oven service,https://samedayappliance.repair/agoura-hills/,0,15,32.8,0
oven service,https://samedayappliance.repair/calabasas/,0,14,32.6,0
oven service,https://samedayappliance.repair/services/oven-repair-los-angeles/,0,9,12.1,0
pasadena appliance repair,https://samedayappliance.repair/pasadena/,0,21,47.8,0
pasadena refrigerator repair,https://samedayappliance.repair/pasadena/,0,21,44,0
patio heater installation los angeles,https://samedayappliance.repair/price-list/patio-heater-repair-cost/,0,11,11.7,0
patio heater repair service near me,https://samedayappliance.repair/outdoor/patio-heater-repair/,0,6,27.5,0
pizza oven repair,https://samedayappliance.repair/commercial/pizza-oven-repair/,0,17,64.8,0
pizza oven repair,https://samedayappliance.repair/services/pizza-oven-repair/,0,6,65.2,0
pizza oven repair near me,https://samedayappliance.repair/commercial/pizza-oven-repair/,0,12,29.9,0
pizza oven repairs near me,https://samedayappliance.repair/ventura/,0,5,10.8,0
pizza ovens repair,https://samedayappliance.repair/commercial/pizza-oven-repair/,0,8,69.1,0
pizza ovens repair,https://samedayappliance.repair/price-list/pizza-oven-repair-cost/,0,13,25.5,0
portable bbq repair,https://samedayappliance.repair/services/bbq-grill-repair-los-angeles/,0,20,24.4,0
pressure washer repair monterey,https://samedayappliance.repair/monterey-park/,0,5,51.8,0
range hood fan repair,https://samedayappliance.repair/services/range-hood-repair/,0,5,67,0
range hood repair,https://samedayappliance.repair/services/range-hood-repair/,0,26,70.7,0
range hood repair cost,https://samedayappliance.repair/price-list/range-hood-repair-cost/,0,10,11.2,0
range hood repair los angeles,https://samedayappliance.repair/services/range-hood-repair-los-angeles/,0,7,36,0
range hood repair los angeles,https://samedayappliance.repair/services/range-hood-repair/,0,5,45.4,0
range repair,https://samedayappliance.repair/agoura-hills/,0,16,35.2,0
range repair,https://samedayappliance.repair/beverly-hills/,0,5,12.8,0
range repair,https://samedayappliance.repair/calabasas/,0,13,42.1,0
range repair,https://samedayappliance.repair/services/range-repair-los-angeles/,0,14,33.3,0
range service,https://samedayappliance.repair/agoura-hills/,0,5,20.8,0
range service,https://samedayappliance.repair/services/range-repair-los-angeles/,0,41,34.4,0
range service,https://samedayappliance.repair/west-hollywood/range-repair/,0,9,43.8,0
redondo beach appliance repair,https://samedayappliance.repair/redondo-beach/,0,5,46.8,0
refrigeration repair near me,https://samedayappliance.repair/riverside-county/,0,23,86.4,0
refrigerator commercial repair,https://samedayappliance.repair/commercial/refrigerator-repair/,0,8,60.9,0
refrigerator compressor repair,https://samedayappliance.repair/services/refrigerator-repair/,0,5,62.8,0
refrigerator repair,https://samedayappliance.repair/agoura-hills/,0,15,35.3,0
refrigerator repair,https://samedayappliance.repair/areas/los-angeles-and-surrounding-areas/,0,21,42.4,0
refrigerator repair,https://samedayappliance.repair/brentwood/,0,15,31.9,0
refrigerator repair,https://samedayappliance.repair/calabasas/,0,6,35.5,0
refrigerator repair,https://samedayappliance.repair/los-angeles/,0,9,1,0
refrigerator repair,https://samedayappliance.repair/pasadena/,0,18,13.9,0
refrigerator repair,https://samedayappliance.repair/riverside/,0,5,18.4,0
refrigerator repair,https://samedayappliance.repair/services/refrigerator-repair-los-angeles/,0,38,26.6,0
refrigerator repair,https://samedayappliance.repair/thousand-oaks/,0,16,17.5,0
refrigerator repair,https://samedayappliance.repair/west-hollywood/,0,64,6.4,0
refrigerator repair beverly hills,https://samedayappliance.repair/beverly-hills/,0,8,42.8,0
refrigerator repair beverly hills,https://samedayappliance.repair/west-hollywood/,0,5,1,0
refrigerator repair brentwood,https://samedayappliance.repair/brentwood/,0,21,36.8,0
refrigerator repair burbank,https://samedayappliance.repair/burbank/,0,15,61.1,0
refrigerator repair burbank ca,https://samedayappliance.repair/burbank/,0,13,51.8,0
refrigerator repair corona ca,https://samedayappliance.repair/corona/,0,6,39.8,0
refrigerator repair cost,https://samedayappliance.repair/price-list/refrigerator-repair-cost/,0,36,69.7,0
refrigerator repair costa mesa,https://samedayappliance.repair/costa-mesa/,0,7,70,0
refrigerator repair costs compressor,https://samedayappliance.repair/price-list/refrigerator-repair-cost/,0,5,74.2,0
refrigerator repair hemet,https://samedayappliance.repair/hemet/,0,5,29.4,0
refrigerator repair hemet ca,https://samedayappliance.repair/hemet/,0,7,31.4,0
refrigerator repair highland park,https://samedayappliance.repair/highland-park/,0,17,39.9,0
refrigerator repair huntington beach,https://samedayappliance.repair/huntington-beach/,0,5,55.2,0
refrigerator repair in glendale ca,https://samedayappliance.repair/glendale/,0,18,51.9,0
refrigerator repair in los angeles,https://samedayappliance.repair/services/refrigerator-repair/,0,5,79,0
refrigerator repair in riverside,https://samedayappliance.repair/riverside/,0,5,51.2,0
refrigerator repair in woodland hills,https://samedayappliance.repair/woodland-hills/,0,15,77.7,0
refrigerator repair long beach,https://samedayappliance.repair/long-beach/,0,12,65.4,0
refrigerator repair los angeles,https://samedayappliance.repair/areas/los-angeles-and-surrounding-areas/,0,10,50.2,0
refrigerator repair los angeles,https://samedayappliance.repair/los-angeles/,0,8,32.5,0
refrigerator repair los angeles,https://samedayappliance.repair/services/refrigerator-repair-los-angeles/,0,20,31.2,0
refrigerator repair los angeles,https://samedayappliance.repair/services/refrigerator-repair/,0,28,41.4,0
refrigerator repair los angeles ca,https://samedayappliance.repair/los-angeles/,0,17,48.7,0
refrigerator repair los angeles ca,https://samedayappliance.repair/services/refrigerator-repair-los-angeles/,0,5,58.4,0
refrigerator repair los angeles ca,https://samedayappliance.repair/services/refrigerator-repair/,0,15,80.3,0
refrigerator repair mission viejo,https://samedayappliance.repair/mission-viejo/,0,5,51.8,0
refrigerator repair monterey,https://samedayappliance.repair/monterey-park/,0,32,45.4,0
refrigerator repair monterey ca,https://samedayappliance.repair/monterey-park/,0,12,40.5,0
refrigerator repair near me,https://samedayappliance.repair/los-angeles/,0,29,3.8,0
refrigerator repair near me,https://samedayappliance.repair/pasadena/,0,17,11.6,0
refrigerator repair near me,https://samedayappliance.repair/rancho-cucamonga/,0,7,18.6,0
refrigerator repair near me,https://samedayappliance.repair/redlands/,0,8,14.5,0
refrigerator repair near me,https://samedayappliance.repair/riverside-county/,0,6,32.8,0
refrigerator repair near me,https://samedayappliance.repair/thousand-oaks/,0,29,1.7,0
refrigerator repair near me,https://samedayappliance.repair/west-hollywood/,0,66,1,0
refrigerator repair pasadena,https://samedayappliance.repair/pasadena/,0,20,37.5,0
refrigerator repair pasadena ca,https://samedayappliance.repair/pasadena/,0,8,21.1,0
refrigerator repair rancho cucamonga,https://samedayappliance.repair/rancho-cucamonga/,0,8,43.6,0
refrigerator repair riverside,https://samedayappliance.repair/riverside/,0,5,50.4,0
refrigerator repair service,https://samedayappliance.repair/beverly-hills/,0,6,14.7,0
refrigerator repair temecula,https://samedayappliance.repair/temecula/,0,6,51.3,0
refrigerator repair thousand oaks,https://samedayappliance.repair/thousand-oaks/,0,8,32.8,0
refrigerator repair upland,https://samedayappliance.repair/upland/,0,11,29,0
refrigerator repair ventura ca,https://samedayappliance.repair/ventura-county/,0,13,62.9,0
refrigerator repair ventura ca,https://samedayappliance.repair/ventura/,0,12,61,0
refrigerator repair west hollywood,https://samedayappliance.repair/west-hollywood/,0,8,16,0
refrigerator service,https://samedayappliance.repair/agoura-hills/,0,16,36.9,0
refrigerator service,https://samedayappliance.repair/areas/los-angeles-and-surrounding-areas/,0,5,61.2,0
refrigirator repair,https://samedayappliance.repair/los-angeles/,0,30,1,0
refrigirator repair,https://samedayappliance.repair/west-hollywood/,0,11,1,0
refrigirator repair service,https://samedayappliance.repair/los-angeles/,0,29,1,0
refrigirator repair service,https://samedayappliance.repair/west-hollywood/,0,14,1,0
repair bbq,https://samedayappliance.repair/services/bbq-grill-repair-los-angeles/,0,15,61.6,0
repair deep fryer,https://samedayappliance.repair/commercial/fryer-repair/,0,11,75.7,0
repair deep fryer,https://samedayappliance.repair/services/commercial-fryer-machine-repair-los-angeles/,0,43,58.8,0
repair kenmore refrigerator,https://samedayappliance.repair/brands/kenmore/kenmore-refrigerator-repair/,0,7,48.6,0
residential refrigerator repair monterey,https://samedayappliance.repair/monterey-park/,0,10,43.5,0
residential refrigerator repair monterey ca,https://samedayappliance.repair/monterey-park/,0,12,40.6,0
restaurant dishwasher repair,https://samedayappliance.repair/services/commercial-dishwasher-repair-los-angeles/,0,7,45.7,0
restaurant dishwasher service,https://samedayappliance.repair/services/commercial-dishwasher-repair-los-angeles/,0,6,32.3,0
restaurant fryer repair,https://samedayappliance.repair/services/commercial-fryer-machine-repair-los-angeles/,0,20,74.8,0
roper repair,https://samedayappliance.repair/brand-roper-appliance-repair/,0,14,24.1,0
rotisserie oven maintenance service,https://samedayappliance.repair/brands/bki-rotisserie-repair/,0,17,35.9,0
rotisserie oven service,https://samedayappliance.repair/brands/bki-rotisserie-repair/,0,6,55.2,0
rotisserie service,https://samedayappliance.repair/brands/bki-rotisserie-repair/,0,12,52,0
same day ac repair calabasas,https://samedayappliance.repair/calabasas/,0,19,73.4,0
same day ac repair thousand oaks,https://samedayappliance.repair/thousand-oaks/,0,17,1,0
same day appliance inc,https://samedayappliance.repair/,0,8,8.4,0
same day appliance repair,https://samedayappliance.repair/areas/los-angeles-and-surrounding-areas/,0,23,11.3,0
same day appliance repair,https://samedayappliance.repair/contact/,0,5,72,0
same day appliance repair,https://samedayappliance.repair/corona/,0,5,16.8,0
same day appliance repair,https://samedayappliance.repair/los-angeles/,0,55,4.1,0
same day appliance repair,https://samedayappliance.repair/north-hollywood/,0,7,41.4,0
same day appliance repair,https://samedayappliance.repair/riverside-county/,0,47,57.9,0
same day appliance repair,https://samedayappliance.repair/riverside/,0,13,7.8,0
same day appliance repair,https://samedayappliance.repair/services/,0,6,38.7,0
same day appliance repair menifee,https://samedayappliance.repair/menifee/,0,5,15.4,0
same day appliance repair orange county,https://samedayappliance.repair/,0,15,6.3,0
same day appliance repair orange county,https://samedayappliance.repair/book/,0,18,43.6,0
same day appliance repair orange county,https://samedayappliance.repair/orange-county/,0,9,11.2,0
same day appliance repair topanga,https://samedayappliance.repair/areas/,0,6,81.8,0
same day appliance repair topanga,https://samedayappliance.repair/areas/los-angeles-and-surrounding-areas/,0,15,66.9,0
same day appliance repair topanga,https://samedayappliance.repair/book/,0,13,64.8,0
same day appliance repair topanga,https://samedayappliance.repair/contact/,0,16,61.6,0
same day appliance repair topanga,https://samedayappliance.repair/el-segundo/,0,15,67,0
same day appliance repair topanga,https://samedayappliance.repair/los-angeles-county/,0,15,70.2,0
same day appliance repair topanga,https://samedayappliance.repair/los-angeles/,0,25,14.7,0
same day appliance repair topanga,https://samedayappliance.repair/rancho-cucamonga/,0,14,68.3,0
same day appliance repair topanga,https://samedayappliance.repair/services/,0,7,77.9,0
same day appliance repair topanga,https://samedayappliance.repair/woodland-hills/,0,8,72.4,0
same day appliance repair woodland hills,https://samedayappliance.repair/woodland-hills/,0,15,30.6,0
same day commercial appliance repair,https://samedayappliance.repair/west-hollywood/,0,18,1.6,0
same day hvac repair,https://samedayappliance.repair/services/hvac-repair-los-angeles/,0,28,7.1,0
same day refrigerator repair los angeles,https://samedayappliance.repair/los-angeles/,0,6,10.8,0
same day refrigerator repair los angeles,https://samedayappliance.repair/west-hollywood/,0,6,16,0
same day service,https://samedayappliance.repair/book/,0,40,21.9,0
same day service,https://samedayappliance.repair/los-angeles/,0,7,1.3,0
same day service,https://samedayappliance.repair/west-hollywood/,0,7,3.3,0
same day stove repair oc,https://samedayappliance.repair/,0,11,15.6,0
same day stove repair oc,https://samedayappliance.repair/contact/,0,23,23.7,0
same day stove repair oc,https://samedayappliance.repair/los-angeles/,0,10,41.8,0
same-day appliance repair,https://samedayappliance.repair/,0,56,20.9,0
same-day appliance repair,https://samedayappliance.repair/los-angeles/,0,8,15.4,0
same-day appliance repair,https://samedayappliance.repair/west-hollywood/,0,8,6,0
same-day appliance repair reviews,https://samedayappliance.repair/reviews-page/,0,32,5.0,0
samsung dishwasher repair cost,https://samedayappliance.repair/price-list/dishwasher-repair-cost/,0,11,11.2,0
samsung dryer squeaking repair cost,https://samedayappliance.repair/price-list/dryer-repair-cost/,0,7,25.3,0
samsung refrigerator repair laguna niguel,https://samedayappliance.repair/laguna-niguel/,0,7,48.9,0
samsung washer repair cost,https://samedayappliance.repair/price-list/washer-repair-cost/,0,6,25.7,0
samsung washer repair laguna niguel,https://samedayappliance.repair/laguna-niguel/,0,8,47.6,0
samsung washing machine repair cost,https://samedayappliance.repair/price-list/washer-repair-cost/,0,5,62.8,0
san gabriel valley appliance repairs,https://samedayappliance.repair/san-gabriel/,0,14,43.6,0
san marino appliance repair,https://samedayappliance.repair/san-marino/,0,16,22.4,0
sane day ac repair thousand oaks,https://samedayappliance.repair/thousand-oaks/,0,11,1,0
santa monica appliance repair,https://samedayappliance.repair/santa-monica/,0,5,43.8,0
servicing wine cellar los angeles ca,https://samedayappliance.repair/services/wine-cellar-repair-los-angeles/,0,7,28.6,0
silver lake appliance repair,https://samedayappliance.repair/silver-lake/,0,19,20.3,0
slicer repair,https://samedayappliance.repair/commercial/slicer-repair/,0,5,39.8,0
slush machine repair,https://samedayappliance.repair/price-list/commercial-slushie-machine-repair-cost/,0,6,19.7,0
slush machine repair,https://samedayappliance.repair/services/commercial-slushie-machine-repair-los-angeles/,0,9,18.3,0
slushi machine repair,https://samedayappliance.repair/commercial/ice-machines/,0,7,46.1,0
slushi machine repair,https://samedayappliance.repair/price-list/commercial-slushie-machine-repair-cost/,0,28,17.8,0
slushi machine repair,https://samedayappliance.repair/services/commercial-slushie-machine-repair-los-angeles/,0,31,30.6,0
slushi machine repair,https://samedayappliance.repair/west-hollywood/,0,5,7.8,0
slushie machine repair,https://samedayappliance.repair/services/commercial-slushie-machine-repair-los-angeles/,0,17,11.9,0
small appliance repair pasadena,https://samedayappliance.repair/pasadena/,0,16,60.2,0
small appliance repair pasadena ca,https://samedayappliance.repair/pasadena/,0,14,28.5,0
small appliance repair pasadena ca,https://samedayappliance.repair/south-pasadena/,0,7,55.4,0
small appliance repair ventura ca,https://samedayappliance.repair/ventura-county/,0,13,66.1,0
small appliance repair ventura ca,https://samedayappliance.repair/ventura/,0,13,58.7,0
smoker bbq repair,https://samedayappliance.repair/services/bbq-grill-repair-los-angeles/,0,11,14.5,0
smoker repair near me,https://samedayappliance.repair/services/bbq-grill-repair-los-angeles/,0,5,12.6,0
speed queen dryer repair,https://samedayappliance.repair/brands/speed-queen-washer-dryer-repair/,0,6,82.5,0
stackable dryer repair,https://samedayappliance.repair/price-list/stackable-washer-dryer-repair-cost/,0,5,23.6,0
stackable washer and dryer repair,https://samedayappliance.repair/price-list/stackable-washer-dryer-repair-cost/,0,5,68,0
stacked dryer repair,https://samedayappliance.repair/price-list/stackable-washer-dryer-repair-cost/,0,10,57.5,0
stacked dryer repair,https://samedayappliance.repair/services/stackable-washer-dryer-repair/,0,15,62.7,0
steam oven repair,https://samedayappliance.repair/services/oven-repair/,0,19,30.4,0
steam oven repair,https://samedayappliance.repair/services/wall-oven-repair/,0,53,22.3,0
stove repair,https://samedayappliance.repair/agoura-hills/,0,14,30.8,0
stove repair,https://samedayappliance.repair/calabasas/,0,13,32.1,0
stove repair,https://samedayappliance.repair/pasadena/,0,5,10.6,0
stove repair,https://samedayappliance.repair/services/stove-repair-los-angeles/,0,48,10.9,0
stove repair,https://samedayappliance.repair/services/stove-repair/,0,32,43.7,0
stove repair burbank,https://samedayappliance.repair/burbank/,0,14,46.5,0
stove repair cost,https://samedayappliance.repair/price-list/commercial-stove-repair-cost/,0,5,61.4,0
stove repair los angeles,https://samedayappliance.repair/services/stove-repair/,0,8,45.2,0
stove repair pasadena,https://samedayappliance.repair/pasadena/,0,16,41.1,0
stove repair pasadena,https://samedayappliance.repair/south-pasadena/,0,8,54.8,0
stove repair woodland hills,https://samedayappliance.repair/woodland-hills/,0,10,78.1,0
stove service,https://samedayappliance.repair/services/stove-repair-los-angeles/,0,18,14.7,0
stove service,https://samedayappliance.repair/services/stove-repair/,0,10,55.2,0
sub zero refrigerator repair los angeles,https://samedayappliance.repair/brands/sub-zero/,0,7,61.7,0
sub zero repair los angeles,https://samedayappliance.repair/brands/sub-zero/,0,5,54.6,0
sub-zero refrigerator repair brentwood,https://samedayappliance.repair/brentwood/,0,15,27.9,0
sub-zero repair laguna niguel,https://samedayappliance.repair/laguna-niguel/,0,22,29.3,0
sub-zero wine cooler repair,https://samedayappliance.repair/services/wine-cooler-repair/,0,5,13,0
swamp cooler repair los angeles,https://samedayappliance.repair/,0,5,50.6,0
thermador ice maker repair,https://samedayappliance.repair/brands/thermador-refrigerator-repair/,0,6,64.7,0
thermador repair,https://samedayappliance.repair/los-angeles/,0,12,1,0
thermador repair,https://samedayappliance.repair/west-hollywood/,0,26,1,0
thermostat installation hemet ca,https://samedayappliance.repair/hemet/,0,8,48.5,0
thermostat replacement hemet ca,https://samedayappliance.repair/hemet/,0,9,25.1,0
thousand oaks dryer repair,https://samedayappliance.repair/thousand-oaks/,0,16,34.6,0
thousand oaks freezer repair,https://samedayappliance.repair/thousand-oaks/,0,9,7.4,0
thousand oaks fridge repair,https://samedayappliance.repair/thousand-oaks/,0,10,25.5,0
thousand oaks oven repair,https://samedayappliance.repair/thousand-oaks/,0,9,39.1,0
thousand oaks refrigerator repair,https://samedayappliance.repair/thousand-oaks/,0,10,38.3,0
thousand oaks washer repair,https://samedayappliance.repair/thousand-oaks/,0,17,42.2,0
trash compactor repair,https://samedayappliance.repair/services/trash-compactor-repair/,0,49,55.7,0
trash compactor repair service in salt lake city,https://samedayappliance.repair/services/trash-compactor-repair/,0,16,68.5,0
traulsen appliance repair,https://samedayappliance.repair/traulsen-refrigeration-repair/,0,8,13,0
tustin same day heat pump repair,https://samedayappliance.repair/tustin/,0,5,47.8,0
undercounter freezer repair,https://samedayappliance.repair/services/refrigerator-repair/,0,7,40.4,0
upland appliance repair,https://samedayappliance.repair/upland/,0,6,29,0
upright freezer repair,https://samedayappliance.repair/services/freezer-repair/,0,8,54.6,0
us cellar systems repair los angeles,https://samedayappliance.repair/price-list/wine-cellar-repair-cost/,0,6,14.8,0
us cellar systems repair los angeles,https://samedayappliance.repair/services/wine-cellar-repair-los-angeles/,0,10,20.5,0
ventilation hood repair,https://samedayappliance.repair/services/range-hood-repair/,0,6,67.2,0
ventura appliance fire repair,https://samedayappliance.repair/ventura/,0,17,53.6,0
ventura appliance repair,https://samedayappliance.repair/ventura/,0,16,54.9,0
ventura appliance service,https://samedayappliance.repair/ventura-county/,0,8,67.1,0
ventura appliance service,https://samedayappliance.repair/ventura/,0,14,59.7,0
ventura dryer fire repair,https://samedayappliance.repair/services/dryer-vent-repair/,0,13,33.2,0
wa air conditioning repair cost,https://samedayappliance.repair/price-list/air-conditioner-repair-cost/,0,5,78.8,0
walk in cooler fix,https://samedayappliance.repair/,0,18,25.7,0
walk in cooler floor repair,https://samedayappliance.repair/commercial/refrigeration/walk-in-freezer-repair/,0,12,68.5,0
walk in cooler installation los angeles,https://samedayappliance.repair/,0,6,54.2,0
walk in cooler repair,https://samedayappliance.repair/,0,31,27.7,0
walk in cooler repair anaheim ca,https://samedayappliance.repair/,0,6,65.2,0
walk in cooler repair anaheim ca,https://samedayappliance.repair/anaheim/,0,8,20,0
walk in cooler repair anaheim ca,https://samedayappliance.repair/commercial/refrigeration/walk-in-cooler-repair/,0,8,69,0
walk in cooler repair near me,https://samedayappliance.repair/,0,25,30,0
walk in cooler repair reno nv,https://samedayappliance.repair/commercial/refrigeration/walk-in-cooler-repair/,0,7,65.3,0
walk in freezer installation los angeles,https://samedayappliance.repair/,0,5,57.2,0
walk in freezer repair,https://samedayappliance.repair/,0,33,36.6,0
walk in freezer repair los angeles,https://samedayappliance.repair/,0,7,61.6,0
walk in freezer repair near me,https://samedayappliance.repair/,0,27,50.7,0
walk in freezer repair springdale,https://samedayappliance.repair/,0,10,48.6,0
walk in fridge repair,https://samedayappliance.repair/,0,18,64.3,0
walk in refrigerator repair,https://samedayappliance.repair/,0,71,46.4,0
walk in refrigerator repair near me,https://samedayappliance.repair/,0,6,42.7,0
walk in refrigerator service north shore,https://samedayappliance.repair/,0,6,42.3,0
walk in wine cellar repair,https://samedayappliance.repair/services/wine-cellar-repair-los-angeles/,0,17,24.8,0
walk in wine cellar repair,https://samedayappliance.repair/services/wine-cooler-repair/,0,15,15.7,0
walk-in cooler repair arlington,https://samedayappliance.repair/,0,7,63.6,0
walk-in cooler repair near me,https://samedayappliance.repair/,0,33,63,0
walk-in freezer repair,https://samedayappliance.repair/,0,21,43.9,0
walk-in freezer repair arlington,https://samedayappliance.repair/,0,8,67.1,0
walk-in freezer repair midlothian,https://samedayappliance.repair/,0,5,66.6,0
walk-in freezer repair near me,https://samedayappliance.repair/,0,153,44.4,0
walk-in refrigerator repair,https://samedayappliance.repair/,0,42,36.8,0
wall heater repair,https://samedayappliance.repair/services/wall-heater-repair-los-angeles/,0,31,59.4,0
wall heater repair los angeles,https://samedayappliance.repair/services/wall-heater-repair-los-angeles/,0,12,17,0
wall heater service,https://samedayappliance.repair/services/wall-heater-repair-los-angeles/,0,7,46.6,0
wall heater service near me,https://samedayappliance.repair/services/wall-heater-repair-los-angeles/,0,7,15.1,0
wall mounted heater repair,https://samedayappliance.repair/services/wall-heater-repair-los-angeles/,0,8,61.2,0
washer and dryer repair near me free estimate,https://samedayappliance.repair/thousand-oaks/,0,5,23.2,0
washer belt replacement cost,https://samedayappliance.repair/price-list/washer-repair-cost/,0,11,42.7,0
washer repair,https://samedayappliance.repair/agoura-hills/,0,14,48.1,0
washer repair,https://samedayappliance.repair/pasadena/,0,32,14.4,0
washer repair,https://samedayappliance.repair/west-hollywood/,0,27,10.9,0
washer repair beverly hills,https://samedayappliance.repair/west-hollywood/,0,6,8,0
washer repair burbank,https://samedayappliance.repair/burbank/,0,7,61,0
washer repair cost,https://samedayappliance.repair/price-list/washer-repair-cost/,0,6,51.3,0
washer repair highland park,https://samedayappliance.repair/highland-park/,0,14,49.2,0
washer repair in woodland hills,https://samedayappliance.repair/woodland-hills/,0,14,77.9,0
washer repair monterey,https://samedayappliance.repair/monterey-park/,0,5,38.8,0
washer repair near me,https://samedayappliance.repair/pasadena/,0,12,14.6,0
washer repair near me,https://samedayappliance.repair/rancho-cucamonga/,0,15,17.5,0
washer repair rancho cucamonga,https://samedayappliance.repair/rancho-cucamonga/,0,6,35.7,0
washer repair temecula,https://samedayappliance.repair/temecula/,0,5,49.2,0
washer repair ventura,https://samedayappliance.repair/ventura-county/,0,10,74.7,0
washer repair ventura,https://samedayappliance.repair/ventura/,0,15,59.9,0
washer repair west hollywood,https://samedayappliance.repair/west-hollywood/,0,7,15,0
washer repairman cost,https://samedayappliance.repair/price-list/washer-repair-cost/,0,5,28.2,0
washing machine repair,https://samedayappliance.repair/los-angeles/,0,32,3.4,0
washing machine repair,https://samedayappliance.repair/thousand-oaks/,0,7,15.7,0
washing machine repair,https://samedayappliance.repair/west-hollywood/,0,62,1,0
washing machine repair and maintenance services market,https://samedayappliance.repair/price-list/washer-repair-cost/,0,6,91,0
washing machine repair cost,https://samedayappliance.repair/price-list/washer-repair-cost/,0,6,52.7,0
washing machine repair near me,https://samedayappliance.repair/rancho-cucamonga/,0,6,17.8,0
washing machine repair near me,https://samedayappliance.repair/services/washing-machine-repair-los-angeles/,0,8,49.1,0
washing machine repair near me,https://samedayappliance.repair/west-hollywood/,0,6,24.2,0
washing machine repair pasadena,https://samedayappliance.repair/pasadena/,0,11,52.5,0
washing machine repair prices,https://samedayappliance.repair/price-list/washer-repair-cost/,0,5,44.8,0
washing machine repair rancho cucamonga,https://samedayappliance.repair/rancho-cucamonga/,0,7,39.7,0
water heater repair atwater village,https://samedayappliance.repair/atwater-village/,0,19,49.4,0
water heater repair in west hollywood ca,https://samedayappliance.repair/west-hollywood/,0,12,67.1,0
water heater repair monterey park,https://samedayappliance.repair/monterey-park/,0,12,23.7,0
water heater repair san marino,https://samedayappliance.repair/san-marino/,0,7,21.9,0
weber barbecue repair,https://samedayappliance.repair/services/bbq-grill-repair-los-angeles/,0,9,19.6,0
weber bbq repair,https://samedayappliance.repair/services/bbq-grill-repair-los-angeles/,0,8,21,0
weber grill repairman,https://samedayappliance.repair/services/bbq-grill-repair-los-angeles/,0,7,17.7,0
west hills dryer repair,https://samedayappliance.repair/west-hollywood/,0,14,67.4,0
west hills stove repair,https://samedayappliance.repair/west-hollywood/,0,8,60.2,0
west hills washer repair,https://samedayappliance.repair/west-hollywood/,0,13,64.4,0
whisperkool repair,https://samedayappliance.repair/services/wine-cellar-cooling-repair/,0,8,43.9,0
whisperkool repair,https://samedayappliance.repair/services/wine-cellar-repair-los-angeles/,0,5,30.2,0
whisperkool repair los angeles,https://samedayappliance.repair/los-angeles/,0,6,26.7,0
whisperkool repair los angeles,https://samedayappliance.repair/price-list/wine-cellar-repair-cost/,0,12,11.2,0
whisperkool repair los angeles,https://samedayappliance.repair/services/wine-cellar-repair/,0,10,11.3,0
wine cellar condenser repair,https://samedayappliance.repair/services/wine-cooler-repair-los-angeles/,0,9,20.7,0
wine cellar cooling systems los angeles,https://samedayappliance.repair/services/wine-cellar-repair-los-angeles/,0,5,37,0
wine cellar cooling unit repair,https://samedayappliance.repair/services/wine-cellar-cooling-repair/,0,13,77.9,0
wine cellar cooling unit repair,https://samedayappliance.repair/services/wine-cellar-repair-los-angeles/,0,13,59,0
wine cellar cooling unit repair los angeles,https://samedayappliance.repair/price-list/wine-cellar-repair-cost/,0,16,11.2,0
wine cellar cooling unit repair los angeles,https://samedayappliance.repair/services/wine-cellar-cooling-repair/,0,5,70.6,0
wine cellar cooling unit repair los angeles,https://samedayappliance.repair/services/wine-cellar-repair-los-angeles/,0,7,26.9,0
wine cellar cooling unit repair los angeles,https://samedayappliance.repair/services/wine-cellar-repair/,0,5,46.6,0
wine cellar cooling unit repair los angeles,https://samedayappliance.repair/services/wine-cooler-repair-los-angeles/,0,8,52,0
wine cellar cooling unit repair near me,https://samedayappliance.repair/price-list/wine-cellar-repair-cost/,0,5,49.4,0
wine cellar cooling unit repair near me,https://samedayappliance.repair/temecula/,0,5,67.8,0
wine cellar maintenance,https://samedayappliance.repair/services/wine-cellar-repair-los-angeles/,0,7,58,0
wine cellar refrigeration experts,https://samedayappliance.repair/services/wine-cellar-repair-los-angeles/,0,6,21,0
wine cellar refrigeration repair,https://samedayappliance.repair/services/wine-cellar-cooling-repair/,0,9,69.8,0
wine cellar refrigeration service,https://samedayappliance.repair/services/wine-cellar-cooling-repair/,0,8,75,0
wine cellar repair,https://samedayappliance.repair/services/wine-cellar-cooling-repair/,0,25,77.6,0
wine cellar repair,https://samedayappliance.repair/services/wine-cooler-repair/,0,18,17.5,0
wine cellar servicing,https://samedayappliance.repair/services/wine-cellar-repair-los-angeles/,0,9,19.9,0
wine chiller repair,https://samedayappliance.repair/services/wine-cooler-repair/,0,8,67.2,0
wine cooler compressor replacement cost,https://samedayappliance.repair/price-list/commercial-wine-cooler-repair-cost/,0,13,18.5,0
wine cooler compressor replacement cost,https://samedayappliance.repair/price-list/wine-cooler-repair-cost/,0,15,12.4,0
wine cooler repair,https://samedayappliance.repair/services/wine-cooler-repair-los-angeles/,0,23,59.9,0
wine cooler repair,https://samedayappliance.repair/services/wine-cooler-repair/,0,14,14.4,0
wine cooler repair cost,https://samedayappliance.repair/price-list/commercial-wine-cooler-repair-cost/,0,11,32.8,0
wine cooler repair cost,https://samedayappliance.repair/price-list/wine-cooler-repair-cost/,0,18,8.9,0
wine cooler repair near me,https://samedayappliance.repair/temecula/,0,14,74,0
wine cooler repair rancho cucamonga,https://samedayappliance.repair/rancho-cucamonga/,0,5,17.6,0
wine cooler repair temecula,https://samedayappliance.repair/services/wine-cooler-repair/,0,11,15.1,0
wine cooler repair temecula,https://samedayappliance.repair/temecula/,0,5,8.6,0
wine cooler temperature repair,https://samedayappliance.repair/services/wine-cooler-repair-los-angeles/,0,6,50.5,0
wine coolers repair,https://samedayappliance.repair/services/wine-cooler-repair-los-angeles/,0,9,16.9,0
wine coolers repair,https://samedayappliance.repair/west-hollywood/,0,7,16.7,0
wine cooling unit repair,https://samedayappliance.repair/services/wine-cellar-cooling-repair/,0,6,78.2,0
wine fridge repair cost,https://samedayappliance.repair/price-list/commercial-wine-cooler-repair-cost/,0,35,37.6,0
wine fridge repair cost,https://samedayappliance.repair/price-list/wine-cooler-repair-cost/,0,46,11.0,0
wine fridge repair near me,https://samedayappliance.repair/temecula/,0,5,54.4,0
wine guardian orange county,https://samedayappliance.repair/brands/wine-guardian-repair/,0,7,18.4,0
wine guardian repair,https://samedayappliance.repair/brands/wine-guardian-repair/,0,6,22,0
wine guardian repair,https://samedayappliance.repair/services/wine-cellar-cooling-repair/,0,5,39.6,0
wine guardian repair,https://samedayappliance.repair/services/wine-cellar-repair-los-angeles/,0,9,13.1,0
wine guardian repair,https://samedayappliance.repair/services/wine-cellar-repair/,0,10,15.8,0
wine guardian repair los angeles,https://samedayappliance.repair/brands/wine-guardian-repair/,0,5,13.4,0
wine guardian repair los angeles,https://samedayappliance.repair/price-list/wine-cellar-repair-cost/,0,6,12.3,0
wine guardian repair los angeles,https://samedayappliance.repair/services/wine-cellar-repair-los-angeles/,0,15,14.3,0
wine guardian repair los angeles,https://samedayappliance.repair/services/wine-cellar-repair/,0,10,10.8,0
wolf range repair brentwood,https://samedayappliance.repair/brentwood/,0,21,22.8,0
woodland hills appliance repair,https://samedayappliance.repair/woodland-hills/,0,19,68.2,0
woodland hills appliances repair,https://samedayappliance.repair/woodland-hills/,0,15,70.9,0
woodland hills dryer repair,https://samedayappliance.repair/woodland-hills/,0,30,62.0,0
woodland hills emergancy appliance repair,https://samedayappliance.repair/woodland-hills/,0,8,74.9,0
woodland hills freezer repair,https://samedayappliance.repair/woodland-hills/,0,15,77.5,0
woodland hills fridge repair,https://samedayappliance.repair/woodland-hills/,0,16,62.4,0
woodland hills frigidaire appliance repair,https://samedayappliance.repair/woodland-hills/,0,13,66.5,0
woodland hills ge repair,https://samedayappliance.repair/woodland-hills/,0,23,58.9,0
woodland hills kitchen appliance repair,https://samedayappliance.repair/woodland-hills/,0,16,46.5,0
woodland hills kitchenaid repair,https://samedayappliance.repair/woodland-hills/,0,15,72.1,0
woodland hills lg repair,https://samedayappliance.repair/woodland-hills/,0,13,55.2,0
woodland hills oven repair,https://samedayappliance.repair/woodland-hills/,0,30,64,0
woodland hills refrigerator repair,https://samedayappliance.repair/woodland-hills/,0,15,75.3,0
woodland hills stove repair,https://samedayappliance.repair/woodland-hills/,0,35,68.8,0
woodland hills washer repair,https://samedayappliance.repair/woodland-hills/,0,26,64.7,0
woodland hills washing machine repair,https://samedayappliance.repair/woodland-hills/,0,16,51.9,0
woodland hills whirlpool repair,https://samedayappliance.repair/woodland-hills/,0,16,53.1,0
