severity,query,num_urls,total_impressions,total_clicks,avg_position,intended_url,actual_winner,is_misaligned,intended_imp,winner_imp,urls
CRITICAL,commercial vent hood repair cost,2,348,0,5.41,/commercial/exhaust-hood-repair/,/price-list/commercial-exhaust-hood-repair-cost/,True,0,317,/price-list/commercial-exhaust-hood-repair-cost/::imp=317::pos=4.8::clk=0|/price-list/range-hood-repair-cost/::imp=31::pos=11.7::clk=0
CRITICAL,appliance repair near me,11,277,0,6.2,/,/west-hollywood/,True,0,140,/west-hollywood/::imp=140::pos=1.9::clk=0|/los-angeles/::imp=57::pos=1.0::clk=0|/pasadena/::imp=17::pos=14.5::clk=0|/thousand-oaks/::imp=12::pos=4.5::clk=0|/brentwood/::imp=11::pos=24.1::clk=0
MEDIUM,same day appliance repair,9,230,1,27.64,/,/,False,78,78,/::imp=78::pos=27.9::clk=0|/riverside-county/::imp=47::pos=59.0::clk=0|/los-angeles/::imp=35::pos=3.1::clk=0|/west-hollywood/::imp=33::pos=7.1::clk=1|/areas/los-angeles-and-surrounding-areas/::imp=11::pos=14.2::clk=0
CRITICAL,appliance repair west hollywood,1,174,0,4.8,/hollywood/,/west-hollywood/,True,0,174,/west-hollywood/::imp=174::pos=4.8::clk=0
CRITICAL,bosch appliance repair,2,166,0,1.0,/brands/bosch/,/west-hollywood/,True,0,133,/west-hollywood/::imp=133::pos=1.0::clk=0|/los-angeles/::imp=33::pos=1.0::clk=0
CRITICAL,lg repair west hollywood,1,142,0,1.0,/brands/lg/,/west-hollywood/,True,0,142,/west-hollywood/::imp=142::pos=1.0::clk=0
CRITICAL,commercial exhaust hood repair cost,2,133,0,6.8,/commercial/exhaust-hood-repair/,/price-list/commercial-exhaust-hood-repair-cost/,True,0,90,/price-list/commercial-exhaust-hood-repair-cost/::imp=90::pos=4.8::clk=0|/price-list/range-hood-repair-cost/::imp=43::pos=11.0::clk=0
CRITICAL,walk-in freezer repair near me,1,123,0,40.9,/services/refrigerator-repair/,/,True,0,123,/::imp=123::pos=40.9::clk=0
CRITICAL,same day appliance repair topanga,9,108,0,58.67,/,/los-angeles/,True,0,18,/los-angeles/::imp=18::pos=10.7::clk=0|/contact/::imp=15::pos=62.5::clk=0|/book/::imp=14::pos=65.1::clk=0|/el-segundo/::imp=13::pos=65.9::clk=0|/los-angeles-county/::imp=13::pos=70.1::clk=0
CRITICAL,dryer repair,7,93,0,14.32,/services/dryer-repair/,/west-hollywood/,True,0,37,/west-hollywood/::imp=37::pos=4.0::clk=0|/pasadena/::imp=15::pos=18.8::clk=0|/calabasas/::imp=10::pos=24.0::clk=0|/los-angeles/::imp=10::pos=1.0::clk=0|/agoura-hills/::imp=8::pos=41.6::clk=0
CRITICAL,refrigerator repair near me,5,88,0,3.62,/services/refrigerator-repair/,/west-hollywood/,True,0,46,/west-hollywood/::imp=46::pos=1.0::clk=0|/los-angeles/::imp=18::pos=3.2::clk=0|/pasadena/::imp=9::pos=12.2::clk=0|/thousand-oaks/::imp=8::pos=1.0::clk=0|/redlands/::imp=7::pos=13.9::clk=0
CRITICAL,oven repair,6,68,0,13.53,/services/oven-repair/,/pasadena/,True,0,17,/pasadena/::imp=17::pos=14.0::clk=0|/los-angeles/::imp=16::pos=1.0::clk=0|/west-hollywood/::imp=13::pos=9.1::clk=0|/beverly-hills/::imp=8::pos=14.4::clk=0|/agoura-hills/::imp=7::pos=37.9::clk=0
LOW,lg appliance repair,1,67,0,59.4,/brands/lg/,/brands/lg/,False,67,67,/brands/lg/::imp=67::pos=59.4::clk=0
CRITICAL,refrigerator repair,6,66,0,18.02,/services/refrigerator-repair/,/west-hollywood/,True,0,29,/west-hollywood/::imp=29::pos=4.5::clk=0|/brentwood/::imp=9::pos=37.8::clk=0|/agoura-hills/::imp=8::pos=39.1::clk=0|/pasadena/::imp=8::pos=15.6::clk=0|/areas/los-angeles-and-surrounding-areas/::imp=7::pos=39.4::clk=0
CRITICAL,steam oven repair,2,58,0,23.59,/services/oven-repair/,/services/wall-oven-repair/,True,13,45,/services/wall-oven-repair/::imp=45::pos=21.6::clk=0|/services/oven-repair/::imp=13::pos=30.5::clk=0
CRITICAL,dishwasher repair,6,55,0,21.91,/services/dishwasher-repair/,/pasadena/,True,0,16,/pasadena/::imp=16::pos=16.8::clk=0|/west-hollywood/::imp=11::pos=11.6::clk=0|/thousand-oaks/::imp=9::pos=19.1::clk=0|/agoura-hills/::imp=7::pos=28.7::clk=0|/areas/los-angeles-and-surrounding-areas/::imp=6::pos=41.8::clk=0
HIGH,freezer repair cost,3,54,0,55.17,/price-list/refrigerator-repair-cost/,/price-list/commercial-walk-in-freezer-repair-cost/,True,15,20,/price-list/commercial-walk-in-freezer-repair-cost/::imp=20::pos=31.7::clk=0|/price-list/freezer-repair-cost/::imp=19::pos=62.4::clk=0|/price-list/refrigerator-repair-cost/::imp=15::pos=77.3::clk=0
CRITICAL,washing machine repair,2,54,0,1.0,/services/washer-repair/,/west-hollywood/,True,0,38,/west-hollywood/::imp=38::pos=1.0::clk=0|/los-angeles/::imp=16::pos=1.0::clk=0
CRITICAL,lg washer repair,1,46,0,76.7,/brands/lg-washer-repair-washer-repair/,/brands/lg/,True,0,46,/brands/lg/::imp=46::pos=76.7::clk=0
CRITICAL,electric wall heater repair,1,45,0,44.5,/,/services/wall-heater-repair-los-angeles/,True,0,45,/services/wall-heater-repair-los-angeles/::imp=45::pos=44.5::clk=0
CRITICAL,emergency ammonia refrigeration repair california,3,45,0,58.34,/,/commercial/refrigeration/,True,0,22,/commercial/refrigeration/::imp=22::pos=51.8::clk=0|/commercial/refrigerator-repair/::imp=12::pos=58.0::clk=0|/services/outdoor-refrigerator-repair/::imp=11::pos=71.8::clk=0
CRITICAL,appliance repair oak park ca,2,44,0,8.58,/oak-park/,/thousand-oaks/,True,12,32,/thousand-oaks/::imp=32::pos=1.0::clk=0|/oak-park/::imp=12::pos=28.8::clk=0
LOW,trash compactor repair,1,44,0,53.0,/services/trash-compactor-repair/,/services/trash-compactor-repair/,False,44,44,/services/trash-compactor-repair/::imp=44::pos=53.0::clk=0
MEDIUM,appliance repair downtown los angeles,4,42,0,41.8,/los-angeles/,/los-angeles/,False,21,21,/los-angeles/::imp=21::pos=25.1::clk=0|/los-angeles-county/::imp=8::pos=62.0::clk=0|/west-hollywood/::imp=7::pos=66.7::clk=0|/areas/los-angeles-and-surrounding-areas/::imp=6::pos=44.3::clk=0
CRITICAL,24 hour industrial refrigeration service california,2,41,0,64.42,/,/commercial/refrigeration/,True,0,21,/commercial/refrigeration/::imp=21::pos=61.2::clk=0|/services/outdoor-refrigerator-repair/::imp=20::pos=67.8::clk=0
CRITICAL,appliance repair,4,41,0,16.73,/,/pasadena/,True,0,22,/pasadena/::imp=22::pos=18.1::clk=0|/upland/::imp=7::pos=18.0::clk=0|/west-hollywood/::imp=7::pos=10.4::clk=0|/westlake-village/::imp=5::pos=17.8::clk=0
LOW,appliance repair thousand oaks ca,1,41,0,2.0,/thousand-oaks/,/thousand-oaks/,False,41,41,/thousand-oaks/::imp=41::pos=2.0::clk=0
CRITICAL,appliance repair service,2,40,0,2.02,/,/los-angeles/,True,0,23,/los-angeles/::imp=23::pos=1.0::clk=0|/west-hollywood/::imp=17::pos=3.4::clk=0
CRITICAL,walk in refrigerator repair,1,39,0,43.8,/services/refrigerator-repair/,/,True,0,39,/::imp=39::pos=43.8::clk=0
CRITICAL,same day service,1,37,0,21.6,/,/book/,True,0,37,/book/::imp=37::pos=21.6::clk=0
CRITICAL,slushi machine repair,3,37,0,31.63,/,/price-list/commercial-slushie-machine-repair-cost/,True,0,15,/price-list/commercial-slushie-machine-repair-cost/::imp=15::pos=16.7::clk=0|/services/commercial-slushie-machine-repair-los-angeles/::imp=15::pos=39.8::clk=0|/commercial/ice-machines/::imp=7::pos=46.1::clk=0
CRITICAL,stove repair,3,37,0,35.85,/services/oven-repair/,/services/stove-repair/,True,0,23,/services/stove-repair/::imp=23::pos=39.1::clk=0|/agoura-hills/::imp=7::pos=32.4::clk=0|/calabasas/::imp=7::pos=28.6::clk=0
CRITICAL,wine fridge repair cost,2,37,0,20.5,/price-list/refrigerator-repair-cost/,/price-list/wine-cooler-repair-cost/,True,0,21,/price-list/wine-cooler-repair-cost/::imp=21::pos=10.9::clk=0|/price-list/commercial-wine-cooler-repair-cost/::imp=16::pos=33.1::clk=0
CRITICAL,refrigerator repair los angeles,4,36,0,38.02,/los-angeles/refrigerator-repair/,/services/refrigerator-repair/,True,0,19,/services/refrigerator-repair/::imp=19::pos=37.6::clk=0|/areas/los-angeles-and-surrounding-areas/::imp=6::pos=51.2::clk=0|/services/refrigerator-repair-los-angeles/::imp=6::pos=29.0::clk=0|/los-angeles/::imp=5::pos=34.6::clk=0
MEDIUM,wine cellar repair,2,36,0,59.14,/services/wine-cellar-cooling-repair/,/services/wine-cellar-cooling-repair/,False,25,25,/services/wine-cellar-cooling-repair/::imp=25::pos=77.6::clk=0|/services/wine-cooler-repair/::imp=11::pos=17.2::clk=0
MEDIUM,commercial washer repair,2,35,0,56.7,/commercial/washer-repair/,/commercial/washer-repair/,False,21,21,/commercial/washer-repair/::imp=21::pos=71.5::clk=0|/commercial/laundry-repair/::imp=14::pos=34.5::clk=0
CRITICAL,outdoor grill repair,2,35,0,53.13,/outdoor/grill-repair/,/services/bbq-grill-repair-los-angeles/,True,0,22,/services/bbq-grill-repair-los-angeles/::imp=22::pos=42.1::clk=0|/services/bbq-grill-repair/::imp=13::pos=71.8::clk=0
LOW,appliance repair pasadena ca,1,34,0,36.6,/pasadena/,/pasadena/,False,34,34,/pasadena/::imp=34::pos=36.6::clk=0
CRITICAL,commercial pizza oven repair,1,33,0,74.6,/outdoor/pizza-oven-repair/,/commercial/pizza-oven-repair/,True,0,33,/commercial/pizza-oven-repair/::imp=33::pos=74.6::clk=0
CRITICAL,lg dishwasher repair,1,33,0,50.9,/brands/lg-dishwasher-repair-dishwasher-repair/,/brands/lg/,True,0,33,/brands/lg/::imp=33::pos=50.9::clk=0
MEDIUM,dishwasher service,4,32,0,39.49,/services/dishwasher-repair/,/services/dishwasher-repair/,False,12,12,/services/dishwasher-repair/::imp=12::pos=52.1::clk=0|/calabasas/::imp=8::pos=35.9::clk=0|/agoura-hills/::imp=7::pos=34.6::clk=0|/thousand-oaks/::imp=5::pos=21.8::clk=0
CRITICAL,dryer repair near me,4,32,0,34.19,/services/dryer-repair/,/riverside-county/,True,0,12,/riverside-county/::imp=12::pos=75.2::clk=0|/thousand-oaks/::imp=9::pos=1.0::clk=0|/pasadena/::imp=6::pos=15.8::clk=0|/rancho-cucamonga/::imp=5::pos=17.6::clk=0
CRITICAL,washer repair,3,32,0,18.33,/services/washer-repair/,/pasadena/,True,0,16,/pasadena/::imp=16::pos=14.6::clk=0|/west-hollywood/::imp=9::pos=10.9::clk=0|/agoura-hills/::imp=7::pos=36.4::clk=0
CRITICAL,appliance repair north hollywood ca,2,31,0,36.84,/hollywood/,/north-hollywood/,True,0,16,/north-hollywood/::imp=16::pos=37.9::clk=0|/west-hollywood/::imp=15::pos=35.7::clk=0
LOW,garbage disposal repair,1,31,0,41.6,/services/garbage-disposal-repair/,/services/garbage-disposal-repair/,False,31,31,/services/garbage-disposal-repair/::imp=31::pos=41.6::clk=0
MEDIUM,appliance repair santa monica ca,2,29,0,21.19,/santa-monica/,/santa-monica/,False,16,16,/santa-monica/::imp=16::pos=37.6::clk=0|/los-angeles/::imp=13::pos=1.0::clk=0
MEDIUM,appliance repair ventura ca,2,29,0,52.71,/ventura/,/ventura/,False,15,15,/ventura/::imp=15::pos=48.9::clk=0|/ventura-county/::imp=14::pos=56.8::clk=0
CRITICAL,combi oven repair,2,29,0,19.58,/commercial/combi-oven-repair/,/services/wall-oven-repair/,True,0,17,/services/wall-oven-repair/::imp=17::pos=20.9::clk=0|/commercial/oven-repair/combi-oven-repair/::imp=12::pos=17.7::clk=0
CRITICAL,appliance repair moorpark ca,2,27,0,11.07,/moorpark/,/thousand-oaks/,True,8,19,/thousand-oaks/::imp=19::pos=1.0::clk=0|/moorpark/::imp=8::pos=35.0::clk=0
CRITICAL,appliance repair west los angeles,2,27,0,16.12,/los-angeles/,/west-hollywood/,True,7,20,/west-hollywood/::imp=20::pos=20.4::clk=0|/los-angeles/::imp=7::pos=3.9::clk=0
CRITICAL,portable bbq repair,1,27,0,24.4,/outdoor/grill-repair/,/services/bbq-grill-repair-los-angeles/,True,0,27,/services/bbq-grill-repair-los-angeles/::imp=27::pos=24.4::clk=0
CRITICAL,walk-in cooler repair near me,1,27,0,60.0,/commercial/walk-in-cooler-repair/,/,True,0,27,/::imp=27::pos=60.0::clk=0
CRITICAL,walk-in refrigerator repair,1,27,0,38.9,/services/refrigerator-repair/,/,True,0,27,/::imp=27::pos=38.9::clk=0
LOW,appliance repair burbank,1,26,0,50.8,/burbank/,/burbank/,False,26,26,/burbank/::imp=26::pos=50.8::clk=0
CRITICAL,commercial holding cabinet repair,1,26,0,19.1,/,/commercial/holding-cabinet-repair/,True,0,26,/commercial/holding-cabinet-repair/::imp=26::pos=19.1::clk=0
CRITICAL,commercial slushie machine repair,2,26,0,21.6,/,/price-list/commercial-slushie-machine-repair-cost/,True,0,19,/price-list/commercial-slushie-machine-repair-cost/::imp=19::pos=14.6::clk=0|/commercial/ice-machines/::imp=7::pos=40.6::clk=0
CRITICAL,wine cooler repair,2,26,0,54.8,/services/wine-cooler-repair/,/services/wine-cooler-repair-los-angeles/,True,6,20,/services/wine-cooler-repair-los-angeles/::imp=20::pos=66.8::clk=0|/services/wine-cooler-repair/::imp=6::pos=14.8::clk=0
LOW,appliance repair burbank ca,1,25,0,46.0,/burbank/,/burbank/,False,25,25,/burbank/::imp=25::pos=46.0::clk=0
MEDIUM,commercial washer and dryer repair,2,25,0,55.02,/commercial/washer-repair/,/commercial/washer-repair/,False,15,15,/commercial/washer-repair/::imp=15::pos=71.9::clk=0|/commercial/laundry-repair/::imp=10::pos=29.7::clk=0
LOW,dishwasher repair cost,1,25,0,39.6,/price-list/dishwasher-repair-cost/,/price-list/dishwasher-repair-cost/,False,25,25,/price-list/dishwasher-repair-cost/::imp=25::pos=39.6::clk=0
HIGH,ac service cost,1,24,0,81.0,/,/price-list/air-conditioner-repair-cost/,True,0,24,/price-list/air-conditioner-repair-cost/::imp=24::pos=81.0::clk=0
MEDIUM,appliance repair hollywood ca,2,24,0,19.09,/hollywood/,/hollywood/,False,19,19,/hollywood/::imp=19::pos=22.8::clk=0|/west-hollywood/::imp=5::pos=5.0::clk=0
MEDIUM,appliance repair marina del rey ca,2,24,0,9.02,/marina-del-rey/,/marina-del-rey/,False,13,13,/marina-del-rey/::imp=13::pos=15.8::clk=0|/los-angeles/::imp=11::pos=1.0::clk=0
LOW,appliance repair pasadena,1,24,0,45.0,/pasadena/,/pasadena/,False,24,24,/pasadena/::imp=24::pos=45.0::clk=0
HIGH,dacor appliance repair,1,24,0,1.0,/brands/dacor/,/west-hollywood/,True,0,24,/west-hollywood/::imp=24::pos=1.0::clk=0
HIGH,fireplace repair cost,1,24,0,18.9,/outdoor/fireplace-repair/,/price-list/fireplace-repair-cost/,True,0,24,/price-list/fireplace-repair-cost/::imp=24::pos=18.9::clk=0
HIGH,lg refrigerator repair,1,24,0,75.4,/brands/lg-refrigerator-repair-refrigerator-repair/,/brands/lg/,True,0,24,/brands/lg/::imp=24::pos=75.4::clk=0
HIGH,refrigirator repair service,2,24,0,1.0,/,/los-angeles/,True,0,15,/los-angeles/::imp=15::pos=1.0::clk=0|/west-hollywood/::imp=9::pos=1.0::clk=0
LOW,ac repair service in redlands,1,23,0,75.0,/redlands/,/redlands/,False,23,23,/redlands/::imp=23::pos=75.0::clk=0
LOW,commercial steamer repair,1,23,0,65.0,/commercial/steamer-repair/,/commercial/steamer-repair/,False,23,23,/commercial/steamer-repair/::imp=23::pos=65.0::clk=0
LOW,range hood repair,1,23,0,71.6,/services/range-hood-repair/,/services/range-hood-repair/,False,23,23,/services/range-hood-repair/::imp=23::pos=71.6::clk=0
HIGH,same day stove repair oc,2,23,1,25.61,/services/oven-repair/,/contact/,True,0,12,/contact/::imp=12::pos=21.5::clk=0|/book/::imp=11::pos=30.1::clk=1
LOW,same-day appliance repair,1,23,0,11.6,/,/,False,23,23,/::imp=23::pos=11.6::clk=0
LOW,appliance repair calabasas,1,22,0,56.0,/calabasas/,/calabasas/,False,22,22,/calabasas/::imp=22::pos=56.0::clk=0
HIGH,emergency industrial refrigeration repair california,1,22,0,65.5,/,/commercial/refrigeration/,True,0,22,/commercial/refrigeration/::imp=22::pos=65.5::clk=0
HIGH,fireplace repair los angeles,1,22,0,22.5,/outdoor/fireplace-repair/,/services/fireplace-repair-los-angeles/,True,0,22,/services/fireplace-repair-los-angeles/::imp=22::pos=22.5::clk=0
HIGH,refrigeration repair near me,1,22,0,86.5,/,/riverside-county/,True,0,22,/riverside-county/::imp=22::pos=86.5::clk=0
LOW,refrigerator repair cost,1,22,0,64.8,/price-list/refrigerator-repair-cost/,/price-list/refrigerator-repair-cost/,False,22,22,/price-list/refrigerator-repair-cost/::imp=22::pos=64.8::clk=0
MEDIUM,wine cellar cooling unit repair,2,22,0,71.96,/services/wine-cellar-cooling-repair/,/services/wine-cellar-cooling-repair/,False,12,12,/services/wine-cellar-cooling-repair/::imp=12::pos=77.1::clk=0|/services/wine-cellar-repair-los-angeles/::imp=10::pos=65.8::clk=0
HIGH,ac repair cost,1,21,0,77.3,/,/price-list/air-conditioner-repair-cost/,True,0,21,/price-list/air-conditioner-repair-cost/::imp=21::pos=77.3::clk=0
MEDIUM,appliance repair monterey park ca,2,21,0,19.14,/monterey-park/,/monterey-park/,False,15,15,/monterey-park/::imp=15::pos=18.4::clk=0|/west-hollywood/::imp=6::pos=21.0::clk=0
LOW,cost to fix garbage disposal,1,21,0,52.9,/price-list/garbage-disposal-repair-cost/,/price-list/garbage-disposal-repair-cost/,False,21,21,/price-list/garbage-disposal-repair-cost/::imp=21::pos=52.9::clk=0
MEDIUM,dishwasher door spring repair cost,2,21,0,15.6,/price-list/dishwasher-repair-cost/,/price-list/dishwasher-repair-cost/,False,14,14,/price-list/dishwasher-repair-cost/::imp=14::pos=11.7::clk=0|/price-list/dishwasher-door-spring-repair-cost/::imp=7::pos=23.4::clk=0
HIGH,dryer repair pasadena,1,21,0,41.7,/pasadena/dryer-repair/,/pasadena/,True,0,21,/pasadena/::imp=21::pos=41.7::clk=0
LOW,appliance repair studio city,1,20,0,47.2,/studio-city/,/studio-city/,False,20,20,/studio-city/::imp=20::pos=47.2::clk=0
HIGH,wine guardian repair los angeles,3,20,0,15.57,/brands/wine-guardian-repair/,/services/wine-cellar-repair/,True,5,8,/services/wine-cellar-repair/::imp=8::pos=9.8::clk=0|/services/wine-cellar-repair-los-angeles/::imp=7::pos=23.7::clk=0|/brands/wine-guardian-repair/::imp=5::pos=13.4::clk=0
LOW,appliance repair highland park,1,19,0,32.7,/highland-park/,/highland-park/,False,19,19,/highland-park/::imp=19::pos=32.7::clk=0
LOW,appliance repair laguna niguel ca,1,19,0,46.9,/laguna-niguel/,/laguna-niguel/,False,19,19,/laguna-niguel/::imp=19::pos=46.9::clk=0
MEDIUM,appliance repair san bernardino ca,2,19,0,47.63,/san-bernardino/,/san-bernardino/,False,10,10,/san-bernardino/::imp=10::pos=49.9::clk=0|/san-bernardino-county/::imp=9::pos=45.1::clk=0
HIGH,capital grill repair,2,19,0,15.96,/outdoor/grill-repair/,/brands/capital-bbq-grill-repair/,True,0,12,/brands/capital-bbq-grill-repair/::imp=12::pos=11.5::clk=0|/services/bbq-grill-repair-los-angeles/::imp=7::pos=23.6::clk=0
HIGH,commercial laundry machine repair,2,19,0,82.5,/,/commercial/washer-repair/,True,0,13,/commercial/washer-repair/::imp=13::pos=82.5::clk=0|/commercial/laundry-repair/::imp=6::pos=82.5::clk=0
HIGH,commercial laundry repair,2,19,0,69.77,/,/commercial/laundry-repair/,True,0,12,/commercial/laundry-repair/::imp=12::pos=77.8::clk=0|/commercial/washer-repair/::imp=7::pos=56.0::clk=0
LOW,highland park appliance repair,1,19,0,37.0,/highland-park/,/highland-park/,False,19,19,/highland-park/::imp=19::pos=37.0::clk=0
HIGH,outdoor kitchen repair,2,19,0,26.56,/outdoor/outdoor-kitchen-repair/,/services/bbq-grill-repair-los-angeles/,True,0,10,/services/bbq-grill-repair-los-angeles/::imp=10::pos=17.8::clk=0|/outdoor/::imp=9::pos=36.3::clk=0
HIGH,refrigerator repair los angeles ca,2,19,0,63.27,/los-angeles/refrigerator-repair/,/los-angeles/,True,0,11,/los-angeles/::imp=11::pos=48.2::clk=0|/services/refrigerator-repair/::imp=8::pos=84.0::clk=0
HIGH,walk in freezer repair near me,1,19,0,51.2,/services/refrigerator-repair/,/,True,0,19,/::imp=19::pos=51.2::clk=0
HIGH,appliance repair los angeles,1,18,0,49.8,/los-angeles/,/areas/los-angeles-and-surrounding-areas/,True,0,18,/areas/los-angeles-and-surrounding-areas/::imp=18::pos=49.8::clk=0
MEDIUM,appliance repair sherman oaks ca,2,18,0,59.89,/sherman-oaks/,/sherman-oaks/,False,10,10,/sherman-oaks/::imp=10::pos=59.0::clk=0|/west-hollywood/::imp=8::pos=61.0::clk=0
HIGH,cellarpro repair los angeles,1,18,0,10.9,/brands/cellarpro/,/services/wine-cellar-repair/,True,0,18,/services/wine-cellar-repair/::imp=18::pos=10.9::clk=0
LOW,fridge repair cost,1,18,0,66.5,/price-list/refrigerator-repair-cost/,/price-list/refrigerator-repair-cost/,False,18,18,/price-list/refrigerator-repair-cost/::imp=18::pos=66.5::clk=0
HIGH,maytag dryer repair,1,18,0,66.7,/brands/maytag-dryer-repair-dryer-repair/,/brands/maytag/,True,0,18,/brands/maytag/::imp=18::pos=66.7::clk=0
HIGH,pizza oven repair,2,18,0,69.2,/outdoor/pizza-oven-repair/,/commercial/pizza-oven-repair/,True,0,12,/commercial/pizza-oven-repair/::imp=12::pos=71.2::clk=0|/services/pizza-oven-repair/::imp=6::pos=65.2::clk=0
HIGH,pizza ovens repair,2,18,0,35.81,/outdoor/pizza-oven-repair/,/price-list/pizza-oven-repair-cost/,True,0,13,/price-list/pizza-oven-repair-cost/::imp=13::pos=25.5::clk=0|/commercial/pizza-oven-repair/::imp=5::pos=62.6::clk=0
HIGH,refrigerator repair monterey,1,18,0,42.5,/services/refrigerator-repair/,/monterey-park/,True,0,18,/monterey-park/::imp=18::pos=42.5::clk=0
HIGH,stove repair pasadena,2,18,0,44.8,/pasadena/oven-repair/,/pasadena/,True,0,10,/pasadena/::imp=10::pos=36.8::clk=0|/south-pasadena/::imp=8::pos=54.8::clk=0
HIGH,appliance repair simi valley ca,1,17,0,1.0,/simi-valley/,/thousand-oaks/,True,0,17,/thousand-oaks/::imp=17::pos=1.0::clk=0
HIGH,appliance repair west la,1,17,0,13.1,/los-angeles/,/west-hollywood/,True,0,17,/west-hollywood/::imp=17::pos=13.1::clk=0
HIGH,commercial barbecue repair,1,17,0,15.6,/,/services/bbq-grill-repair-los-angeles/,True,0,17,/services/bbq-grill-repair-los-angeles/::imp=17::pos=15.6::clk=0
HIGH,commercial laundry equipment repair,2,17,0,71.08,/,/commercial/laundry-repair/,True,0,11,/commercial/laundry-repair/::imp=11::pos=88.3::clk=0|/commercial/washer-repair/::imp=6::pos=39.5::clk=0
HIGH,cooktop repair pasadena,2,17,0,37.78,/pasadena/cooktop-repair/,/pasadena/,True,0,12,/pasadena/::imp=12::pos=27.1::clk=0|/south-pasadena/::imp=5::pos=63.4::clk=0
LOW,microwave repair,1,17,0,46.2,/services/microwave-repair/,/services/microwave-repair/,False,17,17,/services/microwave-repair/::imp=17::pos=46.2::clk=0
HIGH,oven repair los angeles,1,17,0,20.5,/los-angeles/oven-repair/,/services/oven-repair-los-angeles/,True,0,17,/services/oven-repair-los-angeles/::imp=17::pos=20.5::clk=0
HIGH,ac repair service in french valley,1,16,0,60.9,/,/murrieta/,True,0,16,/murrieta/::imp=16::pos=60.9::clk=0
LOW,appliance repair brentwood,1,16,0,39.9,/brentwood/,/brentwood/,False,16,16,/brentwood/::imp=16::pos=39.9::clk=0
HIGH,appliance repair ventura,2,16,0,56.85,/ventura/,/ventura-county/,True,8,8,/ventura-county/::imp=8::pos=61.2::clk=0|/ventura/::imp=8::pos=52.5::clk=0
HIGH,bull outdoor refrigerator repair,2,16,0,42.8,/outdoor/outdoor-refrigerator-repair/,/outdoor/,True,0,8,/outdoor/::imp=8::pos=54.6::clk=0|/services/outdoor-refrigerator-repair/::imp=8::pos=31.0::clk=0
HIGH,commercial food processor repair,1,16,0,59.7,/,/commercial/food-processor-repair/,True,0,16,/commercial/food-processor-repair/::imp=16::pos=59.7::clk=0
HIGH,dryer service,2,16,0,31.1,/services/dryer-repair/,/agoura-hills/,True,0,8,/agoura-hills/::imp=8::pos=35.2::clk=0|/calabasas/::imp=8::pos=27.0::clk=0
LOW,ice maker repair,1,16,0,21.8,/services/ice-maker-repair/,/services/ice-maker-repair/,False,16,16,/services/ice-maker-repair/::imp=16::pos=21.8::clk=0
HIGH,lg washing machine repair near me,1,16,0,2.9,/brands/lg-washer-repair/,/west-hollywood/,True,0,16,/west-hollywood/::imp=16::pos=2.9::clk=0
HIGH,walk in freezer repair,1,16,0,38.0,/services/refrigerator-repair/,/,True,0,16,/::imp=16::pos=38.0::clk=0
MEDIUM,wine cooler repair cost,2,16,0,14.68,/price-list/wine-cooler-repair-cost/,/price-list/wine-cooler-repair-cost/,False,10,10,/price-list/wine-cooler-repair-cost/::imp=10::pos=8.6::clk=0|/price-list/commercial-wine-cooler-repair-cost/::imp=6::pos=24.8::clk=0
HIGH,appliance repair monterey,1,15,0,38.7,/,/monterey-park/,True,0,15,/monterey-park/::imp=15::pos=38.7::clk=0
MEDIUM,appliance repair south pasadena,2,15,0,38.4,/pasadena/,/pasadena/,False,8,8,/pasadena/::imp=8::pos=46.1::clk=0|/south-pasadena/::imp=7::pos=29.6::clk=0
HIGH,appliance repair venice ca,1,15,0,19.7,/,/los-angeles/,True,0,15,/los-angeles/::imp=15::pos=19.7::clk=0
HIGH,dryer repair burbank,1,15,0,57.1,/burbank/dryer-repair/,/burbank/,True,0,15,/burbank/::imp=15::pos=57.1::clk=0
HIGH,oven repair burbank,1,15,0,54.9,/burbank/oven-repair/,/burbank/,True,0,15,/burbank/::imp=15::pos=54.9::clk=0
HIGH,oven repair near me,2,15,0,6.47,/services/oven-repair/,/thousand-oaks/,True,0,10,/thousand-oaks/::imp=10::pos=1.0::clk=0|/rancho-cucamonga/::imp=5::pos=17.4::clk=0
HIGH,oven service,2,15,0,40.36,/services/oven-repair/,/agoura-hills/,True,0,9,/agoura-hills/::imp=9::pos=38.6::clk=0|/calabasas/::imp=6::pos=43.0::clk=0
HIGH,same day appliance repair orange county,2,15,0,17.92,/,/orange-county/,True,0,9,/orange-county/::imp=9::pos=11.2::clk=0|/book/::imp=6::pos=28.0::clk=0
MEDIUM,small appliance repair pasadena ca,2,15,0,41.91,/pasadena/,/pasadena/,False,8,8,/pasadena/::imp=8::pos=30.1::clk=0|/south-pasadena/::imp=7::pos=55.4::clk=0
HIGH,walk in cooler repair near me,1,15,0,30.6,/commercial/walk-in-cooler-repair/,/,True,0,15,/::imp=15::pos=30.6::clk=0
HIGH,24/7 industrial refrigeration service california,2,14,0,64.4,/,/commercial/refrigeration/,True,0,8,/commercial/refrigeration/::imp=8::pos=60.8::clk=0|/services/outdoor-refrigerator-repair/::imp=6::pos=69.2::clk=0
HIGH,appliance repair beverly,1,14,0,49.6,/,/beverly-hills/,True,0,14,/beverly-hills/::imp=14::pos=49.6::clk=0
HIGH,appliance repair los angeles ca,2,14,0,59.65,/los-angeles/,/areas/los-angeles-and-surrounding-areas/,True,7,7,/areas/los-angeles-and-surrounding-areas/::imp=7::pos=71.9::clk=0|/los-angeles/::imp=7::pos=47.4::clk=0
HIGH,appliance repair ventura county,2,14,0,50.85,/ventura/,/ventura-county/,True,7,7,/ventura-county/::imp=7::pos=51.3::clk=0|/ventura/::imp=7::pos=50.4::clk=0
HIGH,fridge repair near me,2,14,0,14.49,/services/refrigerator-repair/,/pasadena/,True,0,9,/pasadena/::imp=9::pos=13.2::clk=0|/anaheim/::imp=5::pos=16.8::clk=0
HIGH,lg dryer repair,1,14,0,72.8,/brands/lg-dryer-repair-dryer-repair/,/brands/lg/,True,0,14,/brands/lg/::imp=14::pos=72.8::clk=0
HIGH,lg oven repair,1,14,0,60.5,/brands/lg-oven-repair-oven-repair/,/brands/lg/,True,0,14,/brands/lg/::imp=14::pos=60.5::clk=0
HIGH,outdoor gas grill repair,1,14,0,61.8,/outdoor/grill-repair/,/services/bbq-grill-repair-los-angeles/,True,0,14,/services/bbq-grill-repair-los-angeles/::imp=14::pos=61.8::clk=0
HIGH,refrigerator repair in glendale ca,1,14,0,51.1,/glendale/refrigerator-repair/,/glendale/,True,0,14,/glendale/::imp=14::pos=51.1::clk=0
HIGH,rotisserie oven maintenance service,1,14,0,36.2,/services/oven-repair/,/brands/bki-rotisserie-repair/,True,0,14,/brands/bki-rotisserie-repair/::imp=14::pos=36.2::clk=0
LOW,same day ac repair calabasas,1,14,0,68.1,/calabasas/,/calabasas/,False,14,14,/calabasas/::imp=14::pos=68.1::clk=0
MEDIUM,appliance repair in pasadena ca,2,13,0,58.25,/pasadena/,/pasadena/,False,8,8,/pasadena/::imp=8::pos=46.4::clk=0|/south-pasadena/::imp=5::pos=77.2::clk=0
MEDIUM,appliance repair in riverside,2,13,0,53.23,/riverside/,/riverside/,False,8,8,/riverside/::imp=8::pos=51.0::clk=0|/riverside-county/::imp=5::pos=56.8::clk=0
LOW,appliance repair santa monica,1,13,0,43.4,/santa-monica/,/santa-monica/,False,13,13,/santa-monica/::imp=13::pos=43.4::clk=0
HIGH,capital barbecue repair,1,13,0,12.8,/,/brands/capital-bbq-grill-repair/,True,0,13,/brands/capital-bbq-grill-repair/::imp=13::pos=12.8::clk=0
HIGH,commercial dryer repair,1,13,0,34.5,/commercial/dryer-repair/,/commercial/laundry-repair/,True,0,13,/commercial/laundry-repair/::imp=13::pos=34.5::clk=0
HIGH,dishwasher repair near me,1,13,1,1.0,/services/dishwasher-repair/,/thousand-oaks/,True,0,13,/thousand-oaks/::imp=13::pos=1.0::clk=1
HIGH,dryer repair ventura,2,13,0,51.31,/ventura/dryer-repair/,/ventura/,True,0,7,/ventura/::imp=7::pos=51.4::clk=0|/ventura-county/::imp=6::pos=51.2::clk=0
HIGH,electrical bbq repair,1,13,0,14.7,/outdoor/grill-repair/,/services/bbq-grill-repair-los-angeles/,True,0,13,/services/bbq-grill-repair-los-angeles/::imp=13::pos=14.7::clk=0
HIGH,emergency refrigerator repair,2,13,0,19.85,/services/refrigerator-repair/,/west-hollywood/,True,0,7,/west-hollywood/::imp=7::pos=9.6::clk=0|/beverly-hills/::imp=6::pos=31.8::clk=0
HIGH,gas fireplace repair cost,1,13,0,16.6,/outdoor/fireplace-repair/,/price-list/fireplace-repair-cost/,True,0,13,/price-list/fireplace-repair-cost/::imp=13::pos=16.6::clk=0
HIGH,home appliance repair near me,2,13,0,17.15,/,/pasadena/,True,0,8,/pasadena/::imp=8::pos=17.0::clk=0|/hemet/::imp=5::pos=17.4::clk=0
HIGH,lg dryer repair service,1,13,0,71.9,/brands/lg-dryer-repair-dryer-repair/,/brands/lg/,True,0,13,/brands/lg/::imp=13::pos=71.9::clk=0
HIGH,lg washing machine repair,1,13,0,81.8,/brands/lg-washer-repair/,/brands/lg/,True,0,13,/brands/lg/::imp=13::pos=81.8::clk=0
HIGH,range repair,2,13,0,35.48,/services/oven-repair/,/agoura-hills/,True,0,7,/agoura-hills/::imp=7::pos=40.6::clk=0|/calabasas/::imp=6::pos=29.5::clk=0
HIGH,range service,1,13,0,35.1,/services/oven-repair/,/services/range-repair-los-angeles/,True,0,13,/services/range-repair-los-angeles/::imp=13::pos=35.1::clk=0
HIGH,stacked dryer repair,2,13,0,57.73,/services/dryer-repair/,/services/stackable-washer-dryer-repair/,True,0,7,/services/stackable-washer-dryer-repair/::imp=7::pos=67.1::clk=0|/price-list/stackable-washer-dryer-repair-cost/::imp=6::pos=46.8::clk=0
LOW,sub-zero repair laguna niguel,1,13,0,27.6,/laguna-niguel/,/laguna-niguel/,False,13,13,/laguna-niguel/::imp=13::pos=27.6::clk=0
HIGH,walk in cooler repair,1,13,0,24.2,/commercial/walk-in-cooler-repair/,/,True,0,13,/::imp=13::pos=24.2::clk=0
HIGH,washer repair near me,2,13,0,16.02,/services/washer-repair/,/rancho-cucamonga/,True,0,7,/rancho-cucamonga/::imp=7::pos=16.9::clk=0|/pasadena/::imp=6::pos=15.0::clk=0
HIGH,whisperkool repair los angeles,2,13,0,13.03,/brands/whisperkool/,/price-list/wine-cellar-repair-cost/,True,0,7,/price-list/wine-cellar-repair-cost/::imp=7::pos=14.6::clk=0|/services/wine-cellar-repair/::imp=6::pos=11.2::clk=0
HIGH,wine cellar cooling unit repair los angeles,1,13,0,10.9,/los-angeles/wine-cellar-cooling-repair/,/price-list/wine-cellar-repair-cost/,True,0,13,/price-list/wine-cellar-repair-cost/::imp=13::pos=10.9::clk=0
HIGH,wine cooler repair near me,1,13,0,78.5,/services/wine-cooler-repair/,/temecula/,True,0,13,/temecula/::imp=13::pos=78.5::clk=0
HIGH,ac maintenance cost,1,12,0,91.2,/,/price-list/air-conditioner-repair-cost/,True,0,12,/price-list/air-conditioner-repair-cost/::imp=12::pos=91.2::clk=0
HIGH,air conditioner tune up cost,1,12,0,89.2,/,/price-list/air-conditioner-repair-cost/,True,0,12,/price-list/air-conditioner-repair-cost/::imp=12::pos=89.2::clk=0
HIGH,appliance repair north hollywood,1,12,0,41.8,/hollywood/,/north-hollywood/,True,0,12,/north-hollywood/::imp=12::pos=41.8::clk=0
LOW,appliance repair tustin ca,1,12,0,55.8,/tustin/,/tustin/,False,12,12,/tustin/::imp=12::pos=55.8::clk=0
HIGH,bbq grill repair,1,12,0,57.7,/outdoor/grill-repair/,/services/bbq-grill-repair-los-angeles/,True,0,12,/services/bbq-grill-repair-los-angeles/::imp=12::pos=57.7::clk=0
HIGH,cove dishwasher repair brentwood,1,12,0,16.5,/brands/cove-dishwasher-repair-dishwasher-repair/,/brentwood/,True,0,12,/brentwood/::imp=12::pos=16.5::clk=0
HIGH,dishwasher repair monterey,1,12,0,40.6,/services/dishwasher-repair/,/monterey-park/,True,0,12,/monterey-park/::imp=12::pos=40.6::clk=0
HIGH,same day commercial appliance repair,1,12,0,1.5,/,/west-hollywood/,True,0,12,/west-hollywood/::imp=12::pos=1.5::clk=0
HIGH,same day refrigerator repair los angeles,2,12,0,13.4,/los-angeles/refrigerator-repair/,/los-angeles/,True,0,6,/los-angeles/::imp=6::pos=10.8::clk=0|/west-hollywood/::imp=6::pos=16.0::clk=0
HIGH,slush machine repair,2,12,0,20.45,/,/price-list/commercial-slushie-machine-repair-cost/,True,0,6,/price-list/commercial-slushie-machine-repair-cost/::imp=6::pos=19.7::clk=0|/services/commercial-slushie-machine-repair-los-angeles/::imp=6::pos=21.2::clk=0
HIGH,small appliance repair ventura ca,2,12,0,54.65,/ventura/,/ventura-county/,True,6,6,/ventura-county/::imp=6::pos=55.0::clk=0|/ventura/::imp=6::pos=54.3::clk=0
LOW,trash compactor repair service in salt lake city,1,12,0,62.9,/services/trash-compactor-repair/,/services/trash-compactor-repair/,False,12,12,/services/trash-compactor-repair/::imp=12::pos=62.9::clk=0
HIGH,wall heater repair,1,12,0,58.2,/,/services/wall-heater-repair-los-angeles/,True,0,12,/services/wall-heater-repair-los-angeles/::imp=12::pos=58.2::clk=0
HIGH,wolf range repair brentwood,1,12,0,21.2,/brands/wolf-range-repair-oven-repair/,/brentwood/,True,0,12,/brentwood/::imp=12::pos=21.2::clk=0
LOW,ac repair man lake elsinore,1,11,0,72.5,/lake-elsinore/,/lake-elsinore/,False,11,11,/lake-elsinore/::imp=11::pos=72.5::clk=0
LOW,ac repair toluca lake,1,11,0,28.8,/toluca-lake/,/toluca-lake/,False,11,11,/toluca-lake/::imp=11::pos=28.8::clk=0
LOW,appliance maintenance pasadena,1,11,0,47.6,/pasadena/,/pasadena/,False,11,11,/pasadena/::imp=11::pos=47.6::clk=0
LOW,appliance repair manhattan beach,1,11,0,44.8,/manhattan-beach/,/manhattan-beach/,False,11,11,/manhattan-beach/::imp=11::pos=44.8::clk=0
HIGH,appliance repair marina,1,11,0,28.5,/,/marina-del-rey/,True,0,11,/marina-del-rey/::imp=11::pos=28.5::clk=0
HIGH,appliance repair studio city ca,1,11,0,37.4,/studio-city/,/west-hollywood/,True,0,11,/west-hollywood/::imp=11::pos=37.4::clk=0
LOW,appliance repair thousand oaks,1,11,0,10.1,/thousand-oaks/,/thousand-oaks/,False,11,11,/thousand-oaks/::imp=11::pos=10.1::clk=0
LOW,appliance repair upland,1,11,0,29.7,/upland/,/upland/,False,11,11,/upland/::imp=11::pos=29.7::clk=0
HIGH,appliance repair valley glen ca,1,11,0,53.7,/,/west-hollywood/,True,0,11,/west-hollywood/::imp=11::pos=53.7::clk=0
LOW,appliance service in pasadena,1,11,0,44.1,/pasadena/,/pasadena/,False,11,11,/pasadena/::imp=11::pos=44.1::clk=0
HIGH,cellarpro repair,2,11,0,44.09,/brands/cellarpro/,/services/wine-cellar-repair-los-angeles/,True,0,6,/services/wine-cellar-repair-los-angeles/::imp=6::pos=34.0::clk=0|/services/wine-cellar-repair/::imp=5::pos=56.2::clk=0
LOW,commercial washing machine repair,1,11,0,81.7,/commercial/washer-repair/,/commercial/washer-repair/,False,11,11,/commercial/washer-repair/::imp=11::pos=81.7::clk=0
HIGH,fireplace service los angeles,1,11,0,27.5,/outdoor/fireplace-repair/,/services/fireplace-repair-los-angeles/,True,0,11,/services/fireplace-repair-los-angeles/::imp=11::pos=27.5::clk=0
HIGH,ice maker repair near me,2,11,0,14.27,/services/ice-maker-repair/,/rancho-cucamonga/,True,0,6,/rancho-cucamonga/::imp=6::pos=16.5::clk=0|/anaheim/::imp=5::pos=11.6::clk=0
HIGH,lg fridge repair,1,11,0,65.5,/brands/lg-refrigerator-repair/,/brands/lg/,True,0,11,/brands/lg/::imp=11::pos=65.5::clk=0
HIGH,los angeles fireplace repair,1,11,0,24.0,/outdoor/fireplace-repair/,/services/fireplace-repair-los-angeles/,True,0,11,/services/fireplace-repair-los-angeles/::imp=11::pos=24.0::clk=0
LOW,los feliz appliance repair,1,11,0,4.9,/los-feliz/,/los-feliz/,False,11,11,/los-feliz/::imp=11::pos=4.9::clk=0
HIGH,oven repair cost,2,11,0,60.44,/price-list/oven-repair-cost/,/price-list/wall-oven-repair-cost/,True,5,6,/price-list/wall-oven-repair-cost/::imp=6::pos=76.3::clk=0|/price-list/oven-repair-cost/::imp=5::pos=41.4::clk=0
LOW,pasadena appliance repair,1,11,0,47.6,/pasadena/,/pasadena/,False,11,11,/pasadena/::imp=11::pos=47.6::clk=0
HIGH,pizza oven repair near me,1,11,0,31.1,/outdoor/pizza-oven-repair/,/commercial/pizza-oven-repair/,True,0,11,/commercial/pizza-oven-repair/::imp=11::pos=31.1::clk=0
HIGH,refrigerator repair brentwood,1,11,0,35.9,/brentwood/refrigerator-repair/,/brentwood/,True,0,11,/brentwood/::imp=11::pos=35.9::clk=0
HIGH,refrigerator repair ventura ca,2,11,0,52.47,/ventura/refrigerator-repair/,/ventura-county/,True,0,6,/ventura-county/::imp=6::pos=46.7::clk=0|/ventura/::imp=5::pos=59.4::clk=0
HIGH,us cellar systems repair los angeles,2,11,0,19.44,/los-angeles/,/price-list/wine-cellar-repair-cost/,True,0,6,/price-list/wine-cellar-repair-cost/::imp=6::pos=14.8::clk=0|/services/wine-cellar-repair-los-angeles/::imp=5::pos=25.0::clk=0
MEDIUM,ventura appliance service,2,11,0,56.53,/ventura/,/ventura/,False,6,6,/ventura/::imp=6::pos=49.3::clk=0|/ventura-county/::imp=5::pos=65.2::clk=0
HIGH,walk in cooler repair anaheim ca,2,11,0,46.93,/commercial/walk-in-cooler-repair/,/commercial/refrigeration/walk-in-cooler-repair/,True,0,6,/commercial/refrigeration/walk-in-cooler-repair/::imp=6::pos=69.2::clk=0|/anaheim/::imp=5::pos=20.2::clk=0
MEDIUM,wine guardian repair,2,11,0,30.0,/brands/wine-guardian-repair/,/brands/wine-guardian-repair/,False,6,6,/brands/wine-guardian-repair/::imp=6::pos=22.0::clk=0|/services/wine-cellar-cooling-repair/::imp=5::pos=39.6::clk=0
LOW,appliance installation pasadena,1,10,0,48.1,/pasadena/,/pasadena/,False,10,10,/pasadena/::imp=10::pos=48.1::clk=0
LOW,appliance maintenance burbank,1,10,0,53.4,/burbank/,/burbank/,False,10,10,/burbank/::imp=10::pos=53.4::clk=0
LOW,appliance repair arcadia ca,1,10,0,37.4,/arcadia/,/arcadia/,False,10,10,/arcadia/::imp=10::pos=37.4::clk=0
LOW,appliance repair beverly hills,1,10,0,36.4,/beverly-hills/,/beverly-hills/,False,10,10,/beverly-hills/::imp=10::pos=36.4::clk=0
LOW,appliance repair culver city,1,10,1,31.8,/culver-city/,/culver-city/,False,10,10,/culver-city/::imp=10::pos=31.8::clk=1
LOW,appliance repair in pasadena,1,10,0,45.2,/pasadena/,/pasadena/,False,10,10,/pasadena/::imp=10::pos=45.2::clk=0
LOW,appliance repair redondo beach,1,10,0,41.5,/redondo-beach/,/redondo-beach/,False,10,10,/redondo-beach/::imp=10::pos=41.5::clk=0
LOW,appliance repair riverside ca,1,10,0,50.6,/riverside/,/riverside/,False,10,10,/riverside/::imp=10::pos=50.6::clk=0
LOW,appliance repair tarzana,1,10,0,43.4,/tarzana/,/tarzana/,False,10,10,/tarzana/::imp=10::pos=43.4::clk=0
LOW,appliance repair yorba linda ca,1,10,0,50.1,/yorba-linda/,/yorba-linda/,False,10,10,/yorba-linda/::imp=10::pos=50.1::clk=0
HIGH,barbecue repair,1,10,0,29.8,/,/services/bbq-grill-repair-los-angeles/,True,0,10,/services/bbq-grill-repair-los-angeles/::imp=10::pos=29.8::clk=0
HIGH,dryer repair highland park,1,10,0,37.7,/highland-park/dryer-repair/,/highland-park/,True,0,10,/highland-park/::imp=10::pos=37.7::clk=0
HIGH,electrolux washer repair,1,10,0,91.3,/brands/electrolux-washer-repair-washer-repair/,/brands/electrolux-washer-repair/,True,0,10,/brands/electrolux-washer-repair/::imp=10::pos=91.3::clk=0
HIGH,fix my bbq,1,10,0,21.8,/outdoor/grill-repair/,/services/bbq-grill-repair-los-angeles/,True,0,10,/services/bbq-grill-repair-los-angeles/::imp=10::pos=21.8::clk=0
LOW,garbage disposal repair cost,1,10,0,48.1,/price-list/garbage-disposal-repair-cost/,/price-list/garbage-disposal-repair-cost/,False,10,10,/price-list/garbage-disposal-repair-cost/::imp=10::pos=48.1::clk=0
LOW,lg appliance repair service,1,10,0,77.0,/brands/lg/,/brands/lg/,False,10,10,/brands/lg/::imp=10::pos=77.0::clk=0
HIGH,oven repair pasadena,1,10,0,36.5,/pasadena/oven-repair/,/pasadena/,True,0,10,/pasadena/::imp=10::pos=36.5::clk=0
HIGH,refrigerator repair pasadena,1,10,0,40.3,/pasadena/refrigerator-repair/,/pasadena/,True,0,10,/pasadena/::imp=10::pos=40.3::clk=0
LOW,same day ac repair thousand oaks,1,10,0,1.0,/thousand-oaks/,/thousand-oaks/,False,10,10,/thousand-oaks/::imp=10::pos=1.0::clk=0
LOW,small appliance repair pasadena,1,10,0,52.9,/pasadena/,/pasadena/,False,10,10,/pasadena/::imp=10::pos=52.9::clk=0
HIGH,walk in cooler fix,1,10,0,27.5,/commercial/walk-in-cooler-repair/,/,True,0,10,/::imp=10::pos=27.5::clk=0
HIGH,wine cooler compressor replacement cost,2,10,0,16.2,/price-list/wine-cooler-repair-cost/,/price-list/commercial-wine-cooler-repair-cost/,True,5,5,/price-list/commercial-wine-cooler-repair-cost/::imp=5::pos=21.4::clk=0|/price-list/wine-cooler-repair-cost/::imp=5::pos=11.0::clk=0
HIGH,woodland hills stove repair,1,10,0,52.3,/woodland-hills/oven-repair/,/woodland-hills/,True,0,10,/woodland-hills/::imp=10::pos=52.3::clk=0
LOW,appliance repair camarillo ca,1,9,0,39.1,/camarillo/,/camarillo/,False,9,9,/camarillo/::imp=9::pos=39.1::clk=0
LOW,appliance repair fontana ca,1,9,0,34.1,/fontana/,/fontana/,False,9,9,/fontana/::imp=9::pos=34.1::clk=0
LOW,appliance repair huntington beach ca,1,9,0,54.1,/huntington-beach/,/huntington-beach/,False,9,9,/huntington-beach/::imp=9::pos=54.1::clk=0
LOW,appliance repair manhattan beach ca,1,9,0,5.4,/manhattan-beach/,/los-angeles/,True,0,9,/los-angeles/::imp=9::pos=5.4::clk=0
LOW,appliance repair monterey ca,1,9,0,39.4,/,/monterey-park/,True,0,9,/monterey-park/::imp=9::pos=39.4::clk=0
LOW,appliance repair newport beach ca,1,9,0,47.3,/newport-beach/,/newport-beach/,False,9,9,/newport-beach/::imp=9::pos=47.3::clk=0
LOW,appliance repair ontario ca,1,9,0,36.1,/ontario/,/ontario/,False,9,9,/ontario/::imp=9::pos=36.1::clk=0
LOW,appliance repair orange county,1,9,0,64.1,/,/orange-county/,True,0,9,/orange-county/::imp=9::pos=64.1::clk=0
LOW,appliance repair oxnard ca,1,9,0,39.8,/oxnard/,/oxnard/,False,9,9,/oxnard/::imp=9::pos=39.8::clk=0
LOW,appliance repair rancho cucamonga ca,1,9,0,39.4,/rancho-cucamonga/,/rancho-cucamonga/,False,9,9,/rancho-cucamonga/::imp=9::pos=39.4::clk=0
LOW,appliance repair river village,1,9,0,20.4,/,/atwater-village/,True,0,9,/atwater-village/::imp=9::pos=20.4::clk=0
LOW,appliance repair san clemente ca,1,9,0,42.8,/san-clemente/,/san-clemente/,False,9,9,/san-clemente/::imp=9::pos=42.8::clk=0
LOW,arcadia appliance repair,1,9,0,51.3,/arcadia/,/arcadia/,False,9,9,/arcadia/::imp=9::pos=51.3::clk=0
LOW,blaze refrigerator repair,1,9,0,32.8,/services/refrigerator-repair/,/outdoor/,True,0,9,/outdoor/::imp=9::pos=32.8::clk=0
LOW,burbank appliance repair,1,9,0,51.9,/burbank/,/burbank/,False,9,9,/burbank/::imp=9::pos=51.9::clk=0
LOW,burbank appliance repair specialists,1,9,0,45.7,/burbank/,/burbank/,False,9,9,/burbank/::imp=9::pos=45.7::clk=0
LOW,commercial fryer repair,1,9,0,78.7,/commercial/fryer-repair/,/commercial/fryer-repair/,False,9,9,/commercial/fryer-repair/::imp=9::pos=78.7::clk=0
LOW,cooktop repair,1,9,0,10.9,/services/cooktop-repair/,/pasadena/,True,0,9,/pasadena/::imp=9::pos=10.9::clk=0
LOW,dishwasher repair pasadena,1,9,0,45.9,/pasadena/dishwasher-repair/,/pasadena/,True,0,9,/pasadena/::imp=9::pos=45.9::clk=0
LOW,gas fireplace repair los angeles,1,9,0,20.1,/outdoor/fireplace-repair/,/services/fireplace-repair-los-angeles/,True,0,9,/services/fireplace-repair-los-angeles/::imp=9::pos=20.1::clk=0
LOW,ghost kitchen equipment repair,1,9,0,34.7,/,/for-business/restaurants/,True,0,9,/for-business/restaurants/::imp=9::pos=34.7::clk=0
LOW,home appliance repair pasadena,1,9,0,40.7,/pasadena/,/pasadena/,False,9,9,/pasadena/::imp=9::pos=40.7::clk=0
LOW,lg gas dryer repair,1,9,0,42.9,/brands/lg-dryer-repair/,/brands/lg/,True,0,9,/brands/lg/::imp=9::pos=42.9::clk=0
LOW,local appliance repair burbank,1,9,0,38.4,/burbank/,/burbank/,False,9,9,/burbank/::imp=9::pos=38.4::clk=0
LOW,local appliance repair pasadena,1,9,0,33.1,/pasadena/,/pasadena/,False,9,9,/pasadena/::imp=9::pos=33.1::clk=0
LOW,pasadena refrigerator repair,1,9,0,43.6,/pasadena/refrigerator-repair/,/pasadena/,True,0,9,/pasadena/::imp=9::pos=43.6::clk=0
LOW,refrigerator repair burbank,1,9,0,58.2,/burbank/refrigerator-repair/,/burbank/,True,0,9,/burbank/::imp=9::pos=58.2::clk=0
LOW,rotisserie service,1,9,0,50.0,/,/brands/bki-rotisserie-repair/,True,0,9,/brands/bki-rotisserie-repair/::imp=9::pos=50.0::clk=0
LOW,san marino appliance repair,1,9,0,21.0,/san-marino/,/san-marino/,False,9,9,/san-marino/::imp=9::pos=21.0::clk=0
LOW,silver lake appliance repair,1,9,0,18.2,/silver-lake/,/silver-lake/,False,9,9,/silver-lake/::imp=9::pos=18.2::clk=0
LOW,walk in fridge repair,1,9,0,57.4,/services/refrigerator-repair/,/,True,0,9,/::imp=9::pos=57.4::clk=0
LOW,water heater repair monterey park,1,9,0,19.6,/monterey-park/,/monterey-park/,False,9,9,/monterey-park/::imp=9::pos=19.6::clk=0
LOW,weber bbq repair,1,9,0,20.7,/outdoor/grill-repair/,/services/bbq-grill-repair-los-angeles/,True,0,9,/services/bbq-grill-repair-los-angeles/::imp=9::pos=20.7::clk=0
LOW,air conditioning service pacific palisades,1,8,0,75.5,/,/pacific-palisades/,True,0,8,/pacific-palisades/::imp=8::pos=75.5::clk=0
LOW,ammonia refrigeration repair california,1,8,0,84.0,/,/services/outdoor-refrigerator-repair/,True,0,8,/services/outdoor-refrigerator-repair/::imp=8::pos=84.0::clk=0
LOW,appliance installation burbank,1,8,0,49.5,/burbank/,/burbank/,False,8,8,/burbank/::imp=8::pos=49.5::clk=0
LOW,appliance repair burbank california,1,8,0,45.6,/burbank/,/burbank/,False,8,8,/burbank/::imp=8::pos=45.6::clk=0
LOW,appliance repair corona ca,1,8,0,40.8,/corona/,/corona/,False,8,8,/corona/::imp=8::pos=40.8::clk=0
LOW,appliance repair inland empire,1,8,0,61.1,/,/riverside-county/,True,0,8,/riverside-county/::imp=8::pos=61.1::clk=0
LOW,appliance repair redondo beach ca,1,8,0,41.9,/redondo-beach/,/redondo-beach/,False,8,8,/redondo-beach/::imp=8::pos=41.9::clk=0
LOW,appliance repair torrance,1,8,0,53.8,/torrance/,/torrance/,False,8,8,/torrance/::imp=8::pos=53.8::clk=0
LOW,appliance repairs,1,8,0,25.0,/,/san-gabriel/,True,0,8,/san-gabriel/::imp=8::pos=25.0::clk=0
LOW,appliance repairs la cañada flintridge,1,8,0,43.4,/los-angeles/,/la-canada-flintridge/,True,0,8,/la-canada-flintridge/::imp=8::pos=43.4::clk=0
LOW,appliance repairs monterey park,1,8,0,18.4,/monterey-park/,/monterey-park/,False,8,8,/monterey-park/::imp=8::pos=18.4::clk=0
LOW,appliance repairs near me,1,8,0,28.9,/,/san-gabriel/,True,0,8,/san-gabriel/::imp=8::pos=28.9::clk=0
LOW,appliance repairs temple city,1,8,0,42.5,/temple-city/,/temple-city/,False,8,8,/temple-city/::imp=8::pos=42.5::clk=0
LOW,barbecue grill repair,1,8,0,29.1,/outdoor/grill-repair/,/services/bbq-grill-repair-los-angeles/,True,0,8,/services/bbq-grill-repair-los-angeles/::imp=8::pos=29.1::clk=0
LOW,barbeque grill repair,1,8,0,57.8,/outdoor/grill-repair/,/services/bbq-grill-repair-los-angeles/,True,0,8,/services/bbq-grill-repair-los-angeles/::imp=8::pos=57.8::clk=0
LOW,beverly hills appliance repair,1,8,0,41.0,/beverly-hills/,/beverly-hills/,False,8,8,/beverly-hills/::imp=8::pos=41.0::clk=0
LOW,bosch appliance repair laguna niguel,1,8,0,38.8,/brands/bosch/,/laguna-niguel/,True,0,8,/laguna-niguel/::imp=8::pos=38.8::clk=0
LOW,capital bbq repair,1,8,0,12.1,/outdoor/grill-repair/,/brands/capital-bbq-grill-repair/,True,0,8,/brands/capital-bbq-grill-repair/::imp=8::pos=12.1::clk=0
LOW,commercial patio heater repair,1,8,0,33.9,/outdoor/patio-heater-repair/,/outdoor/patio-heater-repair/,False,8,8,/outdoor/patio-heater-repair/::imp=8::pos=33.9::clk=0
LOW,commercial refrigeration repair costs by region us,1,8,0,9.8,/,/price-list/commercial-refrigerator-repair-cost/,True,0,8,/price-list/commercial-refrigerator-repair-cost/::imp=8::pos=9.8::clk=0
LOW,dryer repair cost,1,8,0,47.9,/price-list/dryer-repair-cost/,/price-list/dryer-repair-cost/,False,8,8,/price-list/dryer-repair-cost/::imp=8::pos=47.9::clk=0
LOW,dryer repair monterey,1,8,0,35.5,/services/dryer-repair/,/monterey-park/,True,0,8,/monterey-park/::imp=8::pos=35.5::clk=0
LOW,dryer vent repair cost,1,8,0,30.6,/price-list/dryer-vent-repair-cost/,/price-list/dryer-vent-repair-cost/,False,8,8,/price-list/dryer-vent-repair-cost/::imp=8::pos=30.6::clk=0
LOW,fisher & paykel dishwasher repair,1,8,0,63.9,/services/dishwasher-repair/,/brands/fisher-paykel-dishwasher-repair/,True,0,8,/brands/fisher-paykel-dishwasher-repair/::imp=8::pos=63.9::clk=0
LOW,fisher & paykel oven repair,1,8,0,27.0,/services/oven-repair/,/brands/fisher-paykel-oven-repair/,True,0,8,/brands/fisher-paykel-oven-repair/::imp=8::pos=27.0::clk=0
LOW,fridge repair burbank,1,8,0,61.5,/burbank/refrigerator-repair/,/burbank/,True,0,8,/burbank/::imp=8::pos=61.5::clk=0
LOW,ge cafe refrigerator repair,1,8,0,27.4,/brands/ge-cafe-refrigerator-repair-refrigerator-repair/,/brands/ge-cafe/,True,0,8,/brands/ge-cafe/::imp=8::pos=27.4::clk=0
LOW,ge repair costa mesa,1,8,0,40.4,/brands/ge/,/costa-mesa/,True,0,8,/costa-mesa/::imp=8::pos=40.4::clk=0
LOW,induction cooktop repair,1,8,0,33.4,/services/cooktop-repair/,/services/induction-cooktop-repair/,True,0,8,/services/induction-cooktop-repair/::imp=8::pos=33.4::clk=0
LOW,kitchen appliance repair pasadena,1,8,0,32.2,/pasadena/,/pasadena/,False,8,8,/pasadena/::imp=8::pos=32.2::clk=0
LOW,la canada flintridge appliance repair,1,8,0,42.5,/la-canada-flintridge/,/la-canada-flintridge/,False,8,8,/la-canada-flintridge/::imp=8::pos=42.5::clk=0
LOW,lg refrigerator repairs,1,8,0,74.6,/brands/lg-refrigerator-repair/,/brands/lg/,True,0,8,/brands/lg/::imp=8::pos=74.6::clk=0
LOW,liebherr freezer repair,1,8,0,53.4,/brands/liebherr-refrigerator-repair/,/brands/liebherr/,True,0,8,/brands/liebherr/::imp=8::pos=53.4::clk=0
LOW,maytag repair laguna niguel,1,8,0,39.4,/brands/maytag/,/laguna-niguel/,True,0,8,/laguna-niguel/::imp=8::pos=39.4::clk=0
LOW,refrigerator repair highland park,1,8,0,35.8,/highland-park/refrigerator-repair/,/highland-park/,True,0,8,/highland-park/::imp=8::pos=35.8::clk=0
LOW,repair bbq,1,8,0,52.0,/outdoor/grill-repair/,/services/bbq-grill-repair-los-angeles/,True,0,8,/services/bbq-grill-repair-los-angeles/::imp=8::pos=52.0::clk=0
LOW,same day appliance repair woodland hills,1,8,0,29.6,/woodland-hills/,/woodland-hills/,False,8,8,/woodland-hills/::imp=8::pos=29.6::clk=0
LOW,san gabriel valley appliance repairs,1,8,0,43.8,/san-gabriel/,/san-gabriel/,False,8,8,/san-gabriel/::imp=8::pos=43.8::clk=0
LOW,sane day ac repair thousand oaks,1,8,0,1.0,/thousand-oaks/,/thousand-oaks/,False,8,8,/thousand-oaks/::imp=8::pos=1.0::clk=0
LOW,stove repair burbank,1,8,0,48.6,/burbank/oven-repair/,/burbank/,True,0,8,/burbank/::imp=8::pos=48.6::clk=0
LOW,thermostat installation hemet ca,1,8,0,48.5,/,/hemet/,True,0,8,/hemet/::imp=8::pos=48.5::clk=0
LOW,traulsen appliance repair,1,8,0,13.0,/brands/traulsen/,/traulsen-refrigeration-repair/,True,0,8,/traulsen-refrigeration-repair/::imp=8::pos=13.0::clk=0
LOW,ventura appliance repair,1,8,0,49.9,/ventura/,/ventura/,False,8,8,/ventura/::imp=8::pos=49.9::clk=0
LOW,walk in cooler floor repair,1,8,0,61.9,/commercial/walk-in-cooler-repair/,/commercial/refrigeration/walk-in-freezer-repair/,True,0,8,/commercial/refrigeration/walk-in-freezer-repair/::imp=8::pos=61.9::clk=0
LOW,walk in freezer repair springdale,1,8,0,49.0,/services/refrigerator-repair/,/,True,0,8,/::imp=8::pos=49.0::clk=0
LOW,walk-in freezer repair,1,8,0,40.4,/services/refrigerator-repair/,/,True,0,8,/::imp=8::pos=40.4::clk=0
LOW,wall heater repair los angeles,1,8,0,19.4,/los-angeles/,/services/wall-heater-repair-los-angeles/,True,0,8,/services/wall-heater-repair-los-angeles/::imp=8::pos=19.4::clk=0
LOW,washer repair highland park,1,8,0,39.8,/highland-park/washer-repair/,/highland-park/,True,0,8,/highland-park/::imp=8::pos=39.8::clk=0
LOW,water heater repair in west hollywood ca,1,8,0,61.5,/hollywood/,/west-hollywood/,True,0,8,/west-hollywood/::imp=8::pos=61.5::clk=0
LOW,weber barbecue repair,1,8,0,29.1,/,/services/bbq-grill-repair-los-angeles/,True,0,8,/services/bbq-grill-repair-los-angeles/::imp=8::pos=29.1::clk=0
LOW,whisperkool repair,1,8,0,43.9,/brands/whisperkool/,/services/wine-cellar-cooling-repair/,True,0,8,/services/wine-cellar-cooling-repair/::imp=8::pos=43.9::clk=0
LOW,wine cellar refrigeration repair,1,8,0,68.1,/services/wine-cellar-cooling-repair/,/services/wine-cellar-cooling-repair/,False,8,8,/services/wine-cellar-cooling-repair/::imp=8::pos=68.1::clk=0
LOW,wine cellar refrigeration service,1,8,0,75.0,/services/wine-cellar-cooling-repair/,/services/wine-cellar-cooling-repair/,False,8,8,/services/wine-cellar-cooling-repair/::imp=8::pos=75.0::clk=0
LOW,woodland hills kitchen appliance repair,1,8,0,46.1,/woodland-hills/,/woodland-hills/,False,8,8,/woodland-hills/::imp=8::pos=46.1::clk=0
LOW,woodland hills oven repair,1,8,0,52.5,/woodland-hills/oven-repair/,/woodland-hills/,True,0,8,/woodland-hills/::imp=8::pos=52.5::clk=0
LOW,woodland hills washing machine repair,1,8,0,42.2,/woodland-hills/washer-repair/,/woodland-hills/,True,0,8,/woodland-hills/::imp=8::pos=42.2::clk=0
LOW,woodland hills whirlpool repair,1,8,0,32.9,/brands/whirlpool/,/woodland-hills/,True,0,8,/woodland-hills/::imp=8::pos=32.9::clk=0
LOW,ac repair pacific palisades,1,7,0,80.9,/pacific-palisades/,/pacific-palisades/,False,7,7,/pacific-palisades/::imp=7::pos=80.9::clk=0
LOW,air conditioning repair toluca lake,1,7,0,40.0,/toluca-lake/,/toluca-lake/,False,7,7,/toluca-lake/::imp=7::pos=40.0::clk=0
LOW,air cooler repair,1,7,0,51.4,/,/services/commercial-walk-in-cooler-repair-los-angeles/,True,0,7,/services/commercial-walk-in-cooler-repair-los-angeles/::imp=7::pos=51.4::clk=0
LOW,appliance repair estimate,1,7,0,82.0,/,/price-list/,True,0,7,/price-list/::imp=7::pos=82.0::clk=0
LOW,appliance repair in burbank,1,7,0,53.1,/burbank/,/burbank/,False,7,7,/burbank/::imp=7::pos=53.1::clk=0
LOW,appliance repair lake elsinore,1,7,0,35.9,/lake-elsinore/,/lake-elsinore/,False,7,7,/lake-elsinore/::imp=7::pos=35.9::clk=0
LOW,appliance repair redlands ca,1,7,0,37.9,/redlands/,/redlands/,False,7,7,/redlands/::imp=7::pos=37.9::clk=0
LOW,appliance repair toluca lake,1,7,0,16.4,/toluca-lake/,/toluca-lake/,False,7,7,/toluca-lake/::imp=7::pos=16.4::clk=0
LOW,appliance repair west hills ca,1,7,0,63.9,/,/west-hollywood/,True,0,7,/west-hollywood/::imp=7::pos=63.9::clk=0
LOW,appliance repair west hollywood ca,1,7,0,1.0,/hollywood/,/west-hollywood/,True,0,7,/west-hollywood/::imp=7::pos=1.0::clk=0
LOW,appliance repairs arcadia,1,7,0,33.1,/arcadia/,/arcadia/,False,7,7,/arcadia/::imp=7::pos=33.1::clk=0
LOW,appliance repairs pasadena,1,7,0,44.3,/pasadena/,/pasadena/,False,7,7,/pasadena/::imp=7::pos=44.3::clk=0
LOW,appliance repairs san marino,1,7,0,14.4,/san-marino/,/san-marino/,False,7,7,/san-marino/::imp=7::pos=14.4::clk=0
LOW,barbecue grill repair service,1,7,0,58.0,/outdoor/grill-repair/,/services/bbq-grill-repair-los-angeles/,True,0,7,/services/bbq-grill-repair-los-angeles/::imp=7::pos=58.0::clk=0
LOW,bbq repair,1,7,0,24.0,/outdoor/grill-repair/,/services/bbq-grill-repair-los-angeles/,True,0,7,/services/bbq-grill-repair-los-angeles/::imp=7::pos=24.0::clk=0
LOW,bel air appliance repair,1,7,0,39.6,/bel-air/,/bel-air/,False,7,7,/bel-air/::imp=7::pos=39.6::clk=0
LOW,blaze appliance repair service,1,7,0,57.6,/,/outdoor/,True,0,7,/outdoor/::imp=7::pos=57.6::clk=0
LOW,built-in freezer repair,1,7,0,42.7,/services/refrigerator-repair/,/services/built-in-refrigerator-repair/,True,0,7,/services/built-in-refrigerator-repair/::imp=7::pos=42.7::clk=0
LOW,built-in grill repair,1,7,0,22.9,/outdoor/grill-repair/,/services/bbq-grill-repair-los-angeles/,True,0,7,/services/bbq-grill-repair-los-angeles/::imp=7::pos=22.9::clk=0
LOW,champion dishwasher repair,1,7,0,12.9,/brands/champion-dishwasher-repair-dishwasher-repair/,/brands/champion-dishwasher-repair/,True,0,7,/brands/champion-dishwasher-repair/::imp=7::pos=12.9::clk=0
LOW,charcoal bbq repair,1,7,0,16.9,/outdoor/grill-repair/,/services/bbq-grill-repair-los-angeles/,True,0,7,/services/bbq-grill-repair-los-angeles/::imp=7::pos=16.9::clk=0
LOW,commercial kitchen ventilation repairs cost,1,7,0,7.9,/,/price-list/commercial-exhaust-hood-repair-cost/,True,0,7,/price-list/commercial-exhaust-hood-repair-cost/::imp=7::pos=7.9::clk=0
LOW,cooktop repair near me,1,7,0,11.4,/services/cooktop-repair/,/pasadena/,True,0,7,/pasadena/::imp=7::pos=11.4::clk=0
LOW,electric oven repair cost,1,7,0,21.3,/price-list/oven-repair-cost/,/price-list/oven-repair-cost/,False,7,7,/price-list/oven-repair-cost/::imp=7::pos=21.3::clk=0
LOW,fisher paykel dishwasher repair,1,7,0,70.4,/brands/fisher-paykel-dishwasher-repair-dishwasher-repair/,/brands/fisher-paykel-dishwasher-repair/,True,0,7,/brands/fisher-paykel-dishwasher-repair/::imp=7::pos=70.4::clk=0
LOW,food processor repair,1,7,0,23.9,/,/commercial/food-processor-repair/,True,0,7,/commercial/food-processor-repair/::imp=7::pos=23.9::clk=0
LOW,fridge repair,1,7,0,17.0,/services/refrigerator-repair/,/pasadena/,True,0,7,/pasadena/::imp=7::pos=17.0::clk=0
LOW,glendale same day heat pump repair,1,7,0,48.6,/glendale/,/glendale/,False,7,7,/glendale/::imp=7::pos=48.6::clk=0
LOW,grill repair,1,7,0,25.1,/outdoor/grill-repair/,/services/bbq-grill-repair-los-angeles/,True,0,7,/services/bbq-grill-repair-los-angeles/::imp=7::pos=25.1::clk=0
LOW,home appliance repair burbank,1,7,0,44.4,/burbank/,/burbank/,False,7,7,/burbank/::imp=7::pos=44.4::clk=0
LOW,ice maker repair riverside,1,7,0,17.6,/riverside/ice-maker-repair/,/riverside/,True,0,7,/riverside/::imp=7::pos=17.6::clk=0
LOW,kitchen appliance repair burbank,1,7,0,41.6,/burbank/,/burbank/,False,7,7,/burbank/::imp=7::pos=41.6::clk=0
LOW,liebherr fridge repair,1,7,0,66.9,/brands/liebherr-refrigerator-repair/,/brands/liebherr/,True,0,7,/brands/liebherr/::imp=7::pos=66.9::clk=0
LOW,liebherr refrigerator repair,1,7,0,69.6,/brands/liebherr-refrigerator-repair-refrigerator-repair/,/brands/liebherr/,True,0,7,/brands/liebherr/::imp=7::pos=69.6::clk=0
LOW,margarita machine repair,1,7,0,85.6,/,/commercial/ice-machines/,True,0,7,/commercial/ice-machines/::imp=7::pos=85.6::clk=0
LOW,monterey appliance repair,1,7,0,41.1,/,/monterey-park/,True,0,7,/monterey-park/::imp=7::pos=41.1::clk=0
LOW,patio heater repair,1,7,0,38.6,/outdoor/patio-heater-repair/,/outdoor/patio-heater-repair/,False,7,7,/outdoor/patio-heater-repair/::imp=7::pos=38.6::clk=0
LOW,refrigerator service,1,7,0,45.4,/services/refrigerator-repair/,/agoura-hills/,True,0,7,/agoura-hills/::imp=7::pos=45.4::clk=0
LOW,residential refrigerator repair monterey,1,7,0,37.7,/services/refrigerator-repair/,/monterey-park/,True,0,7,/monterey-park/::imp=7::pos=37.7::clk=0
LOW,roper repair,1,7,0,21.1,/,/brand-roper-appliance-repair/,True,0,7,/brand-roper-appliance-repair/::imp=7::pos=21.1::clk=0
LOW,sub-zero refrigerator repair brentwood,1,7,0,24.3,/brentwood/refrigerator-repair/,/brentwood/,True,0,7,/brentwood/::imp=7::pos=24.3::clk=0
LOW,thermostat replacement hemet ca,1,7,0,17.0,/,/hemet/,True,0,7,/hemet/::imp=7::pos=17.0::clk=0
LOW,washer belt replacement cost,1,7,0,44.9,/price-list/washer-repair-cost/,/price-list/washer-repair-cost/,False,7,7,/price-list/washer-repair-cost/::imp=7::pos=44.9::clk=0
LOW,washer repair ventura,1,7,0,53.0,/ventura/washer-repair/,/ventura/,True,0,7,/ventura/::imp=7::pos=53.0::clk=0
LOW,wine guardian orange county,1,7,0,18.4,/,/brands/wine-guardian-repair/,True,0,7,/brands/wine-guardian-repair/::imp=7::pos=18.4::clk=0
LOW,woodland hills dryer repair,1,7,0,47.1,/woodland-hills/dryer-repair/,/woodland-hills/,True,0,7,/woodland-hills/::imp=7::pos=47.1::clk=0
LOW,woodland hills emergancy appliance repair,1,7,0,72.3,/woodland-hills/,/woodland-hills/,False,7,7,/woodland-hills/::imp=7::pos=72.3::clk=0
LOW,woodland hills frigidaire appliance repair,1,7,0,47.6,/brands/frigidaire/,/woodland-hills/,True,0,7,/woodland-hills/::imp=7::pos=47.6::clk=0
LOW,24 hour freezer repair,1,6,0,48.8,/services/refrigerator-repair/,/los-angeles/,True,0,6,/los-angeles/::imp=6::pos=48.8::clk=0
LOW,ac tune up cost,1,6,0,97.5,/,/price-list/air-conditioner-repair-cost/,True,0,6,/price-list/air-conditioner-repair-cost/::imp=6::pos=97.5::clk=0
LOW,after-sales service for industrial ovens,1,6,0,89.3,/,/commercial/oven-repair/,True,0,6,/commercial/oven-repair/::imp=6::pos=89.3::clk=0
LOW,air conditioning repair pacific palisades,1,6,0,72.5,/pacific-palisades/,/pacific-palisades/,False,6,6,/pacific-palisades/::imp=6::pos=72.5::clk=0
LOW,appliance repair glendale,1,6,0,49.3,/glendale/,/glendale/,False,6,6,/glendale/::imp=6::pos=49.3::clk=0
LOW,appliance repair glendale ca,1,6,0,54.0,/glendale/,/glendale/,False,6,6,/glendale/::imp=6::pos=54.0::clk=0
LOW,appliance repair in thousand oaks,1,6,0,7.5,/thousand-oaks/,/thousand-oaks/,False,6,6,/thousand-oaks/::imp=6::pos=7.5::clk=0
LOW,appliance repair long beach,1,6,0,53.7,/long-beach/,/long-beach/,False,6,6,/long-beach/::imp=6::pos=53.7::clk=0
LOW,appliance repair mission hills,1,6,0,56.3,/,/mission-viejo/,True,0,6,/mission-viejo/::imp=6::pos=56.3::clk=0
LOW,appliance repair port hueneme ca,1,6,0,29.3,/,/oxnard/,True,0,6,/oxnard/::imp=6::pos=29.3::clk=0
LOW,appliance repair santa paula ca,1,6,0,4.3,/,/thousand-oaks/,True,0,6,/thousand-oaks/::imp=6::pos=4.3::clk=0
LOW,appliance repair service near me,1,6,0,17.8,/,/pasadena/,True,0,6,/pasadena/::imp=6::pos=17.8::clk=0
LOW,appliance repair sherman oaks,1,6,0,60.2,/sherman-oaks/,/sherman-oaks/,False,6,6,/sherman-oaks/::imp=6::pos=60.2::clk=0
LOW,appliance repair tarzana ca,1,6,0,33.3,/tarzana/,/tarzana/,False,6,6,/tarzana/::imp=6::pos=33.3::clk=0
LOW,appliance repair torrance ca,1,6,0,49.0,/torrance/,/torrance/,False,6,6,/torrance/::imp=6::pos=49.0::clk=0
LOW,appliance repair upland ca,1,6,0,29.2,/upland/,/upland/,False,6,6,/upland/::imp=6::pos=29.2::clk=0
LOW,barbeque repair,1,6,0,30.0,/,/services/bbq-grill-repair-los-angeles/,True,0,6,/services/bbq-grill-repair-los-angeles/::imp=6::pos=30.0::clk=0
LOW,bosch appliance repair brentwood,1,6,0,42.7,/brands/bosch/,/brentwood/,True,0,6,/brentwood/::imp=6::pos=42.7::clk=0
LOW,burbank refrigerator repair,1,6,0,57.8,/burbank/refrigerator-repair/,/burbank/,True,0,6,/burbank/::imp=6::pos=57.8::clk=0
LOW,cafe refrigerator repair,1,6,0,47.7,/services/refrigerator-repair/,/brands/ge-cafe/,True,0,6,/brands/ge-cafe/::imp=6::pos=47.7::clk=0
LOW,commercial ice machine repair cost,1,6,0,5.5,/commercial/ice-machine-repair/,/price-list/commercial-ice-machine-repair-cost/,True,0,6,/price-list/commercial-ice-machine-repair-cost/::imp=6::pos=5.5::clk=0
LOW,commercial laundry equipment service,1,6,0,62.0,/,/commercial/laundry-repair/,True,0,6,/commercial/laundry-repair/::imp=6::pos=62.0::clk=0
LOW,commercial refrigeration repair los angeles,1,6,0,50.2,/los-angeles/,/commercial/refrigeration/,True,0,6,/commercial/refrigeration/::imp=6::pos=50.2::clk=0
LOW,cooktop repair burbank,1,6,0,52.8,/burbank/cooktop-repair/,/burbank/,True,0,6,/burbank/::imp=6::pos=52.8::clk=0
LOW,cost of refrigerator compressor repair,1,6,0,72.2,/price-list/refrigerator-repair-cost/,/price-list/refrigerator-repair-cost/,False,6,6,/price-list/refrigerator-repair-cost/::imp=6::pos=72.2::clk=0
LOW,dishwasher repair and maintenance services market,1,6,0,90.3,/services/dishwasher-repair/,/price-list/,True,0,6,/price-list/::imp=6::pos=90.3::clk=0
LOW,dishwasher repair rancho cucamonga,1,6,0,30.7,/rancho-cucamonga/dishwasher-repair/,/rancho-cucamonga/,True,0,6,/rancho-cucamonga/::imp=6::pos=30.7::clk=0
LOW,dryer repair thousand oaks,1,6,0,21.8,/thousand-oaks/dryer-repair/,/thousand-oaks/,True,0,6,/thousand-oaks/::imp=6::pos=21.8::clk=0
LOW,fireplace maintenance los angeles,1,6,0,24.2,/outdoor/fireplace-repair/,/services/fireplace-repair-los-angeles/,True,0,6,/services/fireplace-repair-los-angeles/::imp=6::pos=24.2::clk=0
LOW,fridge repair pasadena,1,6,0,44.7,/pasadena/refrigerator-repair/,/pasadena/,True,0,6,/pasadena/::imp=6::pos=44.7::clk=0
LOW,garbage disposal repair pasadena california,1,6,0,33.0,/pasadena/garbage-disposal-repair/,/services/garbage-disposal-repair/,True,0,6,/services/garbage-disposal-repair/::imp=6::pos=33.0::clk=0
LOW,gas stove repair near me,1,6,0,62.0,/services/oven-repair/,/services/stove-repair/,True,0,6,/services/stove-repair/::imp=6::pos=62.0::clk=0
LOW,high end appliance repair brentwood,1,6,0,40.2,/brentwood/,/brentwood/,False,6,6,/brentwood/::imp=6::pos=40.2::clk=0
LOW,hood fan repair,1,6,0,61.2,/,/services/range-hood-repair/,True,0,6,/services/range-hood-repair/::imp=6::pos=61.2::clk=0
LOW,"hvac services in pacific palisades, ca",1,6,0,87.3,/,/pacific-palisades/,True,0,6,/pacific-palisades/::imp=6::pos=87.3::clk=0
LOW,hvac services price list los angeles,1,6,0,40.3,/,/price-list/air-conditioner-repair-cost/,True,0,6,/price-list/air-conditioner-repair-cost/::imp=6::pos=40.3::clk=0
LOW,ice maker repair laguna niguel,1,6,0,47.7,/laguna-niguel/ice-maker-repair/,/laguna-niguel/,True,0,6,/laguna-niguel/::imp=6::pos=47.7::clk=0
LOW,ice maker repair monterey,1,6,0,24.0,/services/ice-maker-repair/,/monterey-park/,True,0,6,/monterey-park/::imp=6::pos=24.0::clk=0
LOW,infrared bbq repair,1,6,0,17.5,/outdoor/grill-repair/,/services/bbq-grill-repair-los-angeles/,True,0,6,/services/bbq-grill-repair-los-angeles/::imp=6::pos=17.5::clk=0
LOW,lg freezer repair,1,6,0,74.3,/brands/lg-freezer-repair-refrigerator-repair/,/brands/lg/,True,0,6,/brands/lg/::imp=6::pos=74.3::clk=0
LOW,liebherr repair,1,6,0,68.2,/brands/liebherr/,/brands/liebherr/,False,6,6,/brands/liebherr/::imp=6::pos=68.2::clk=0
LOW,outdoor heater repair,1,6,0,19.0,/,/price-list/patio-heater-repair-cost/,True,0,6,/price-list/patio-heater-repair-cost/::imp=6::pos=19.0::clk=0
LOW,oven repair highland park,1,6,0,30.0,/highland-park/oven-repair/,/highland-park/,True,0,6,/highland-park/::imp=6::pos=30.0::clk=0
LOW,oven repair monterey,1,6,0,43.2,/services/oven-repair/,/monterey-park/,True,0,6,/monterey-park/::imp=6::pos=43.2::clk=0
LOW,patio heater installation los angeles,1,6,0,11.5,/outdoor/patio-heater-repair/,/price-list/patio-heater-repair-cost/,True,0,6,/price-list/patio-heater-repair-cost/::imp=6::pos=11.5::clk=0
LOW,patio heater repair service near me,1,6,0,27.5,/outdoor/patio-heater-repair/,/outdoor/patio-heater-repair/,False,6,6,/outdoor/patio-heater-repair/::imp=6::pos=27.5::clk=0
LOW,refrigerator commercial repair,1,6,0,62.3,/commercial/refrigerator-repair/,/commercial/refrigerator-repair/,False,6,6,/commercial/refrigerator-repair/::imp=6::pos=62.3::clk=0
LOW,refrigerator repair burbank ca,1,6,0,50.5,/burbank/refrigerator-repair/,/burbank/,True,0,6,/burbank/::imp=6::pos=50.5::clk=0
LOW,refrigerator repair long beach,1,6,0,47.8,/long-beach/refrigerator-repair/,/long-beach/,True,0,6,/long-beach/::imp=6::pos=47.8::clk=0
LOW,refrigerator repair monterey ca,1,6,0,37.7,/services/refrigerator-repair/,/monterey-park/,True,0,6,/monterey-park/::imp=6::pos=37.7::clk=0
LOW,refrigerator repair upland,1,6,0,29.7,/upland/refrigerator-repair/,/upland/,True,0,6,/upland/::imp=6::pos=29.7::clk=0
LOW,residential refrigerator repair monterey ca,1,6,0,40.5,/services/refrigerator-repair/,/monterey-park/,True,0,6,/monterey-park/::imp=6::pos=40.5::clk=0
LOW,samsung dishwasher repair cost,1,6,0,8.8,/price-list/dishwasher-repair-cost/,/price-list/dishwasher-repair-cost/,False,6,6,/price-list/dishwasher-repair-cost/::imp=6::pos=8.8::clk=0
LOW,slushie machine repair,1,6,0,12.2,/,/services/commercial-slushie-machine-repair-los-angeles/,True,0,6,/services/commercial-slushie-machine-repair-los-angeles/::imp=6::pos=12.2::clk=0
LOW,smoker bbq repair,1,6,0,18.8,/outdoor/grill-repair/,/services/bbq-grill-repair-los-angeles/,True,0,6,/services/bbq-grill-repair-los-angeles/::imp=6::pos=18.8::clk=0
LOW,speed queen dryer repair,1,6,0,82.5,/brands/speed-queen-dryer-repair/,/brands/speed-queen-washer-dryer-repair/,True,0,6,/brands/speed-queen-washer-dryer-repair/::imp=6::pos=82.5::clk=0
LOW,thousand oaks appliance repair,1,6,1,1.2,/thousand-oaks/,/thousand-oaks/,False,6,6,/thousand-oaks/::imp=6::pos=1.2::clk=1
LOW,upland appliance repair,1,6,0,29.0,/upland/,/upland/,False,6,6,/upland/::imp=6::pos=29.0::clk=0
LOW,ventilation hood repair,1,6,0,67.2,/,/services/range-hood-repair/,True,0,6,/services/range-hood-repair/::imp=6::pos=67.2::clk=0
LOW,walk-in cooler repair arlington,1,6,0,63.5,/commercial/walk-in-cooler-repair/,/,True,0,6,/::imp=6::pos=63.5::clk=0
LOW,walk-in freezer repair arlington,1,6,0,67.0,/services/refrigerator-repair/,/,True,0,6,/::imp=6::pos=67.0::clk=0
LOW,wall mounted heater repair,1,6,0,59.7,/,/services/wall-heater-repair-los-angeles/,True,0,6,/services/wall-heater-repair-los-angeles/::imp=6::pos=59.7::clk=0
LOW,washing machine repair and maintenance services market,1,6,0,91.0,/services/washer-repair/,/price-list/washer-repair-cost/,True,0,6,/price-list/washer-repair-cost/::imp=6::pos=91.0::clk=0
LOW,wine cooler temperature repair,1,6,0,50.5,/services/wine-cooler-repair/,/services/wine-cooler-repair-los-angeles/,True,0,6,/services/wine-cooler-repair-los-angeles/::imp=6::pos=50.5::clk=0
LOW,wine cooling unit repair,1,6,0,78.2,/,/services/wine-cellar-cooling-repair/,True,0,6,/services/wine-cellar-cooling-repair/::imp=6::pos=78.2::clk=0
LOW,woodland hills ge repair,1,6,0,31.0,/brands/ge/,/woodland-hills/,True,0,6,/woodland-hills/::imp=6::pos=31.0::clk=0
LOW,woodland hills lg repair,1,6,0,33.3,/brands/lg/,/woodland-hills/,True,0,6,/woodland-hills/::imp=6::pos=33.3::clk=0
LOW,woodland hills washer repair,1,6,0,52.3,/woodland-hills/washer-repair/,/woodland-hills/,True,0,6,/woodland-hills/::imp=6::pos=52.3::clk=0
LOW,"""same day appliance repair"" ""90048""",1,5,0,5.6,/,/west-hollywood/,True,0,5,/west-hollywood/::imp=5::pos=5.6::clk=0
LOW,air conditioner repair cost guide,1,5,0,69.4,/,/price-list/air-conditioner-repair-cost/,True,0,5,/price-list/air-conditioner-repair-cost/::imp=5::pos=69.4::clk=0
LOW,appliance repair business insurance,1,5,0,64.6,/,/credentials/insured/,True,0,5,/credentials/insured/::imp=5::pos=64.6::clk=0
LOW,appliance repair mission viejo,1,5,0,51.2,/mission-viejo/,/mission-viejo/,False,5,5,/mission-viejo/::imp=5::pos=51.2::clk=0
LOW,appliance repair sun valley ca,1,5,0,73.0,/,/west-hollywood/,True,0,5,/west-hollywood/::imp=5::pos=73.0::clk=0
LOW,appliane repair culver city ca,1,5,0,21.0,/culver-city/,/west-hollywood/,True,0,5,/west-hollywood/::imp=5::pos=21.0::clk=0
LOW,average dishwasher repair cost 2026,1,5,0,12.0,/price-list/dishwasher-repair-cost/,/price-list/dishwasher-repair-cost/,False,5,5,/price-list/dishwasher-repair-cost/::imp=5::pos=12.0::clk=0
LOW,barbecue restoration,1,5,0,28.4,/,/services/bbq-grill-repair-los-angeles/,True,0,5,/services/bbq-grill-repair-los-angeles/::imp=5::pos=28.4::clk=0
LOW,bbq repair near me,1,5,0,13.4,/outdoor/grill-repair/,/services/bbq-grill-repair-los-angeles/,True,0,5,/services/bbq-grill-repair-los-angeles/::imp=5::pos=13.4::clk=0
LOW,brentwood appliance repair,1,5,0,53.0,/brentwood/,/brentwood/,False,5,5,/brentwood/::imp=5::pos=53.0::clk=0
LOW,cellar cooling repairs near me,1,5,0,64.0,/,/services/wine-cellar-cooling-repair/,True,0,5,/services/wine-cellar-cooling-repair/::imp=5::pos=64.0::clk=0
LOW,commercial appliance repair,1,5,0,5.0,/,/west-hollywood/,True,0,5,/west-hollywood/::imp=5::pos=5.0::clk=0
LOW,commercial appliance repair los angeles,1,5,0,64.6,/los-angeles/,/commercial/washer-repair/,True,0,5,/commercial/washer-repair/::imp=5::pos=64.6::clk=0
LOW,commercial appliance repair rancho cucamonga,1,5,0,36.4,/rancho-cucamonga/,/rancho-cucamonga/,False,5,5,/rancho-cucamonga/::imp=5::pos=36.4::clk=0
LOW,commercial dish machine repair,1,5,0,69.0,/,/commercial/dishwasher-repair/,True,0,5,/commercial/dishwasher-repair/::imp=5::pos=69.0::clk=0
LOW,commercial exhaust hood repair,1,5,0,73.6,/commercial/exhaust-hood-repair/,/commercial/exhaust-hood-repair/,False,5,5,/commercial/exhaust-hood-repair/::imp=5::pos=73.6::clk=0
LOW,commercial freezer repair los angeles,1,5,0,20.8,/commercial/refrigerator-repair/,/services/commercial-freezer-repair-los-angeles/,True,0,5,/services/commercial-freezer-repair-los-angeles/::imp=5::pos=20.8::clk=0
LOW,commercial ice machine cleaning cost,1,5,0,11.8,/commercial/ice-machine-repair/,/price-list/commercial-ice-machine-repair-cost/,True,0,5,/price-list/commercial-ice-machine-repair-cost/::imp=5::pos=11.8::clk=0
LOW,commercial laundry repair service,1,5,0,59.8,/,/commercial/washer-repair/,True,0,5,/commercial/washer-repair/::imp=5::pos=59.8::clk=0
LOW,commercial refrigeration repair los angeles ca,1,5,0,50.2,/los-angeles/,/commercial/refrigeration/,True,0,5,/commercial/refrigeration/::imp=5::pos=50.2::clk=0
LOW,commercial vent hood repair,1,5,0,86.8,/commercial/exhaust-hood-repair/,/commercial/exhaust-hood-repair/,False,5,5,/commercial/exhaust-hood-repair/::imp=5::pos=86.8::clk=0
LOW,commercial wine cellar repair,1,5,0,41.0,/commercial/wine-cellar-cooling-repair/,/services/wine-cellar-cooling-repair/,True,0,5,/services/wine-cellar-cooling-repair/::imp=5::pos=41.0::clk=0
LOW,cost of garbage disposal repair,1,5,0,70.2,/price-list/garbage-disposal-repair-cost/,/price-list/garbage-disposal-repair-cost/,False,5,5,/price-list/garbage-disposal-repair-cost/::imp=5::pos=70.2::clk=0
LOW,cost to replace dryer vent,1,5,0,41.6,/price-list/dryer-vent-repair-cost/,/price-list/dryer-vent-repair-cost/,False,5,5,/price-list/dryer-vent-repair-cost/::imp=5::pos=41.6::clk=0
LOW,dish washer repair brentwood,1,5,0,53.4,/brentwood/washer-repair/,/brentwood/,True,0,5,/brentwood/::imp=5::pos=53.4::clk=0
LOW,dishwasher leak repair cost,1,5,0,43.2,/price-list/dishwasher-repair-cost/,/price-list/dishwasher-repair-cost/,False,5,5,/price-list/dishwasher-repair-cost/::imp=5::pos=43.2::clk=0
LOW,dishwasher repair brentwood,1,5,0,48.2,/brentwood/dishwasher-repair/,/brentwood/,True,0,5,/brentwood/::imp=5::pos=48.2::clk=0
LOW,dishwasher repair burbank,1,5,0,48.2,/burbank/dishwasher-repair/,/burbank/,True,0,5,/burbank/::imp=5::pos=48.2::clk=0
LOW,dryer motor replacement cost,1,5,0,21.4,/price-list/dryer-repair-cost/,/price-list/dryer-motor-replacement-cost/,True,0,5,/price-list/dryer-motor-replacement-cost/::imp=5::pos=21.4::clk=0
LOW,dryer repair near me same day,1,5,0,14.6,/services/dryer-repair/,/west-hollywood/,True,0,5,/west-hollywood/::imp=5::pos=14.6::clk=0
LOW,dryer repair upland,1,5,0,28.0,/upland/dryer-repair/,/upland/,True,0,5,/upland/::imp=5::pos=28.0::clk=0
LOW,electric bbq repair,1,5,0,17.2,/outdoor/grill-repair/,/services/bbq-grill-repair-los-angeles/,True,0,5,/services/bbq-grill-repair-los-angeles/::imp=5::pos=17.2::clk=0
LOW,fireplace repair koreatown,1,5,0,24.2,/outdoor/fireplace-repair/,/koreatown/,True,0,5,/koreatown/::imp=5::pos=24.2::clk=0
LOW,fisher & paykel microwave oven repair,1,5,0,19.6,/services/microwave-repair/,/brands/fisher-paykel-oven-repair/,True,0,5,/brands/fisher-paykel-oven-repair/::imp=5::pos=19.6::clk=0
LOW,fix my barbecue,1,5,0,21.8,/,/services/bbq-grill-repair-los-angeles/,True,0,5,/services/bbq-grill-repair-los-angeles/::imp=5::pos=21.8::clk=0
LOW,fix my barbecue grill,1,5,0,39.4,/outdoor/grill-repair/,/services/bbq-grill-repair-los-angeles/,True,0,5,/services/bbq-grill-repair-los-angeles/::imp=5::pos=39.4::clk=0
LOW,fix my bbq grill,1,5,0,28.0,/outdoor/grill-repair/,/services/bbq-grill-repair-los-angeles/,True,0,5,/services/bbq-grill-repair-los-angeles/::imp=5::pos=28.0::clk=0
LOW,freestanding grill repair,1,5,0,38.8,/outdoor/grill-repair/,/services/bbq-grill-repair-los-angeles/,True,0,5,/services/bbq-grill-repair-los-angeles/::imp=5::pos=38.8::clk=0
LOW,freezer box repair,1,5,0,31.8,/services/refrigerator-repair/,/services/freezer-repair-los-angeles/,True,0,5,/services/freezer-repair-los-angeles/::imp=5::pos=31.8::clk=0
LOW,freezer repair los angeles,1,5,0,62.6,/los-angeles/refrigerator-repair/,/services/freezer-repair/,True,0,5,/services/freezer-repair/::imp=5::pos=62.6::clk=0
LOW,gas bbq repair,1,5,0,14.8,/outdoor/grill-repair/,/services/bbq-grill-repair-los-angeles/,True,0,5,/services/bbq-grill-repair-los-angeles/::imp=5::pos=14.8::clk=0
LOW,gas stove repair cost,1,5,0,26.0,/price-list/oven-repair-cost/,/price-list/stove-repair-cost/,True,0,5,/price-list/stove-repair-cost/::imp=5::pos=26.0::clk=0
LOW,ge repair mission viejo,1,5,0,46.6,/brands/ge/,/mission-viejo/,True,0,5,/mission-viejo/::imp=5::pos=46.6::clk=0
LOW,ge washer dryer combo repair,1,5,0,73.2,/brands/ge-washer-repair/,/brands/ge-washer-repair/,False,5,5,/brands/ge-washer-repair/::imp=5::pos=73.2::clk=0
LOW,hood repair,1,5,0,48.6,/,/services/range-hood-repair/,True,0,5,/services/range-hood-repair/::imp=5::pos=48.6::clk=0
LOW,hotel appliance repair,1,5,0,24.0,/,/for-business/hotels/,True,0,5,/for-business/hotels/::imp=5::pos=24.0::clk=0
LOW,huntington beach washing machine repair,1,5,0,60.4,/huntington-beach/washer-repair/,/huntington-beach/,True,0,5,/huntington-beach/::imp=5::pos=60.4::clk=0
LOW,ice machine repair near me,1,5,0,16.4,/commercial/ice-machine-repair/,/san-bernardino/,True,0,5,/san-bernardino/::imp=5::pos=16.4::clk=0
LOW,laundromat appliance repair,1,5,0,56.0,/,/commercial/washer-repair/,True,0,5,/commercial/washer-repair/::imp=5::pos=56.0::clk=0
LOW,lg dryer motor replacement cost,1,5,0,7.6,/price-list/dryer-repair-cost/,/price-list/dryer-motor-replacement-cost/,True,0,5,/price-list/dryer-motor-replacement-cost/::imp=5::pos=7.6::clk=0
LOW,lg dryer repair cost,1,5,0,12.8,/price-list/dryer-repair-cost/,/price-list/lg-dryer-repair-cost/,True,0,5,/price-list/lg-dryer-repair-cost/::imp=5::pos=12.8::clk=0
LOW,lg laundry machine repair,1,5,0,79.8,/brands/lg/,/brands/lg/,False,5,5,/brands/lg/::imp=5::pos=79.8::clk=0
LOW,lg laundry repair,1,5,0,69.0,/brands/lg/,/brands/lg/,False,5,5,/brands/lg/::imp=5::pos=69.0::clk=0
LOW,lg microwave oven repair,1,5,0,61.2,/brands/lg-microwave-repair/,/brands/lg/,True,0,5,/brands/lg/::imp=5::pos=61.2::clk=0
LOW,machine repair murrieta ca,1,5,0,31.2,/murrieta/,/murrieta/,False,5,5,/murrieta/::imp=5::pos=31.2::clk=0
LOW,maytag repair,1,5,0,62.8,/brands/maytag/,/brands/maytag/,False,5,5,/brands/maytag/::imp=5::pos=62.8::clk=0
LOW,refrigerator repair beverly hills,1,5,0,41.6,/beverly-hills/refrigerator-repair/,/beverly-hills/,True,0,5,/beverly-hills/::imp=5::pos=41.6::clk=0
LOW,refrigerator repair huntington beach,1,5,0,55.2,/huntington-beach/refrigerator-repair/,/huntington-beach/,True,0,5,/huntington-beach/::imp=5::pos=55.2::clk=0
LOW,refrigerator repair mission viejo,1,5,0,51.8,/mission-viejo/refrigerator-repair/,/mission-viejo/,True,0,5,/mission-viejo/::imp=5::pos=51.8::clk=0
LOW,same-day appliance repair reviews,1,5,0,4.6,/,/reviews-page/,True,0,5,/reviews-page/::imp=5::pos=4.6::clk=0
LOW,samsung dryer squeaking repair cost,1,5,0,24.8,/price-list/dryer-repair-cost/,/price-list/dryer-repair-cost/,False,5,5,/price-list/dryer-repair-cost/::imp=5::pos=24.8::clk=0
LOW,samsung refrigerator repair laguna niguel,1,5,0,49.0,/brands/samsung-refrigerator-repair-refrigerator-repair/,/laguna-niguel/,True,0,5,/laguna-niguel/::imp=5::pos=49.0::clk=0
LOW,samsung washer repair laguna niguel,1,5,0,46.8,/brands/samsung-washer-repair-washer-repair/,/laguna-niguel/,True,0,5,/laguna-niguel/::imp=5::pos=46.8::clk=0
LOW,santa monica appliance repair,1,5,0,43.8,/santa-monica/,/santa-monica/,False,5,5,/santa-monica/::imp=5::pos=43.8::clk=0
LOW,stackable dryer repair,1,5,0,23.6,/services/dryer-repair/,/price-list/stackable-washer-dryer-repair-cost/,True,0,5,/price-list/stackable-washer-dryer-repair-cost/::imp=5::pos=23.6::clk=0
LOW,stove repair los angeles,1,5,0,42.0,/los-angeles/oven-repair/,/services/stove-repair/,True,0,5,/services/stove-repair/::imp=5::pos=42.0::clk=0
LOW,swamp cooler repair los angeles,1,5,0,50.6,/los-angeles/,/,True,0,5,/::imp=5::pos=50.6::clk=0
LOW,thermador repair,1,5,0,1.0,/brands/thermador/,/los-angeles/,True,0,5,/los-angeles/::imp=5::pos=1.0::clk=0
LOW,upright freezer repair,1,5,0,51.6,/services/refrigerator-repair/,/services/freezer-repair/,True,0,5,/services/freezer-repair/::imp=5::pos=51.6::clk=0
LOW,wa air conditioning repair cost,1,5,0,78.8,/,/price-list/air-conditioner-repair-cost/,True,0,5,/price-list/air-conditioner-repair-cost/::imp=5::pos=78.8::clk=0
LOW,walk in cooler installation los angeles,1,5,0,51.0,/commercial/walk-in-cooler-repair/,/,True,0,5,/::imp=5::pos=51.0::clk=0
LOW,walk in refrigerator repair near me,1,5,0,41.6,/services/refrigerator-repair/,/,True,0,5,/::imp=5::pos=41.6::clk=0
LOW,walk in wine cellar repair,1,5,0,18.6,/services/wine-cellar-cooling-repair/,/services/wine-cooler-repair/,True,0,5,/services/wine-cooler-repair/::imp=5::pos=18.6::clk=0
LOW,walk-in freezer repair midlothian,1,5,0,66.6,/services/refrigerator-repair/,/,True,0,5,/::imp=5::pos=66.6::clk=0
LOW,washing machine repair cost,1,5,0,53.0,/price-list/washer-repair-cost/,/price-list/washer-repair-cost/,False,5,5,/price-list/washer-repair-cost/::imp=5::pos=53.0::clk=0
LOW,washing machine repair rancho cucamonga,1,5,0,38.2,/rancho-cucamonga/washer-repair/,/rancho-cucamonga/,True,0,5,/rancho-cucamonga/::imp=5::pos=38.2::clk=0
LOW,water heater repair atwater village,1,5,0,44.0,/atwater-village/,/atwater-village/,False,5,5,/atwater-village/::imp=5::pos=44.0::clk=0
LOW,water heater repair san marino,1,5,0,19.4,/san-marino/,/san-marino/,False,5,5,/san-marino/::imp=5::pos=19.4::clk=0
LOW,weber grill repairman,1,5,0,14.4,/outdoor/grill-repair/,/services/bbq-grill-repair-los-angeles/,True,0,5,/services/bbq-grill-repair-los-angeles/::imp=5::pos=14.4::clk=0
LOW,wine cellar cooling unit repair near me,1,5,0,49.4,/services/wine-cellar-cooling-repair/,/price-list/wine-cellar-repair-cost/,True,0,5,/price-list/wine-cellar-repair-cost/::imp=5::pos=49.4::clk=0
