query,page,clicks,impressions,ctr,position
appliance repair culver city,https://samedayappliance.repair/culver-city/,1,10,0.1,31.8
dishwasher repair near me,https://samedayappliance.repair/thousand-oaks/,1,13,0.0769,1.0
same day appliance repair,https://samedayappliance.repair/west-hollywood/,1,33,0.0303,7.1
same day stove repair oc,https://samedayappliance.repair/book/,1,11,0.0909,30.1
thousand oaks appliance repair,https://samedayappliance.repair/thousand-oaks/,1,6,0.1667,1.2
"""same day appliance repair"" ""90048""",https://samedayappliance.repair/west-hollywood/,0,5,0.0,5.6
24 hour freezer repair,https://samedayappliance.repair/los-angeles/,0,6,0.0,48.8
24 hour industrial refrigeration service california,https://samedayappliance.repair/commercial/refrigeration/,0,21,0.0,61.2
24 hour industrial refrigeration service california,https://samedayappliance.repair/services/outdoor-refrigerator-repair/,0,20,0.0,67.8
24/7 industrial refrigeration service california,https://samedayappliance.repair/commercial/refrigeration/,0,8,0.0,60.8
24/7 industrial refrigeration service california,https://samedayappliance.repair/services/outdoor-refrigerator-repair/,0,6,0.0,69.2
ac maintenance cost,https://samedayappliance.repair/price-list/air-conditioner-repair-cost/,0,12,0.0,91.2
ac repair cost,https://samedayappliance.repair/price-list/air-conditioner-repair-cost/,0,21,0.0,77.3
ac repair man lake elsinore,https://samedayappliance.repair/lake-elsinore/,0,11,0.0,72.5
ac repair pacific palisades,https://samedayappliance.repair/pacific-palisades/,0,7,0.0,80.9
ac repair service in french valley,https://samedayappliance.repair/murrieta/,0,16,0.0,60.9
ac repair service in redlands,https://samedayappliance.repair/redlands/,0,23,0.0,75.0
ac repair toluca lake,https://samedayappliance.repair/toluca-lake/,0,11,0.0,28.8
ac service cost,https://samedayappliance.repair/price-list/air-conditioner-repair-cost/,0,24,0.0,81.0
ac tune up cost,https://samedayappliance.repair/price-list/air-conditioner-repair-cost/,0,6,0.0,97.5
after-sales service for industrial ovens,https://samedayappliance.repair/commercial/oven-repair/,0,6,0.0,89.3
air conditioner repair cost guide,https://samedayappliance.repair/price-list/air-conditioner-repair-cost/,0,5,0.0,69.4
air conditioner tune up cost,https://samedayappliance.repair/price-list/air-conditioner-repair-cost/,0,12,0.0,89.2
air conditioning repair pacific palisades,https://samedayappliance.repair/pacific-palisades/,0,6,0.0,72.5
air conditioning repair toluca lake,https://samedayappliance.repair/toluca-lake/,0,7,0.0,40.0
air conditioning service pacific palisades,https://samedayappliance.repair/pacific-palisades/,0,8,0.0,75.5
air cooler repair,https://samedayappliance.repair/services/commercial-walk-in-cooler-repair-los-angeles/,0,7,0.0,51.4
ammonia refrigeration repair california,https://samedayappliance.repair/services/outdoor-refrigerator-repair/,0,8,0.0,84.0
appliance installation burbank,https://samedayappliance.repair/burbank/,0,8,0.0,49.5
appliance installation pasadena,https://samedayappliance.repair/pasadena/,0,10,0.0,48.1
appliance maintenance burbank,https://samedayappliance.repair/burbank/,0,10,0.0,53.4
appliance maintenance pasadena,https://samedayappliance.repair/pasadena/,0,11,0.0,47.6
appliance repair,https://samedayappliance.repair/pasadena/,0,22,0.0,18.1
appliance repair,https://samedayappliance.repair/upland/,0,7,0.0,18.0
appliance repair,https://samedayappliance.repair/west-hollywood/,0,7,0.0,10.4
appliance repair,https://samedayappliance.repair/westlake-village/,0,5,0.0,17.8
appliance repair arcadia ca,https://samedayappliance.repair/arcadia/,0,10,0.0,37.4
appliance repair beverly,https://samedayappliance.repair/beverly-hills/,0,14,0.0,49.6
appliance repair beverly hills,https://samedayappliance.repair/beverly-hills/,0,10,0.0,36.4
appliance repair brentwood,https://samedayappliance.repair/brentwood/,0,16,0.0,39.9
appliance repair burbank,https://samedayappliance.repair/burbank/,0,26,0.0,50.8
appliance repair burbank ca,https://samedayappliance.repair/burbank/,0,25,0.0,46.0
appliance repair burbank california,https://samedayappliance.repair/burbank/,0,8,0.0,45.6
appliance repair business insurance,https://samedayappliance.repair/credentials/insured/,0,5,0.0,64.6
appliance repair calabasas,https://samedayappliance.repair/calabasas/,0,22,0.0,56.0
appliance repair camarillo ca,https://samedayappliance.repair/camarillo/,0,9,0.0,39.1
appliance repair corona ca,https://samedayappliance.repair/corona/,0,8,0.0,40.8
appliance repair downtown los angeles,https://samedayappliance.repair/areas/los-angeles-and-surrounding-areas/,0,6,0.0,44.3
appliance repair downtown los angeles,https://samedayappliance.repair/los-angeles-county/,0,8,0.0,62.0
appliance repair downtown los angeles,https://samedayappliance.repair/los-angeles/,0,21,0.0,25.1
appliance repair downtown los angeles,https://samedayappliance.repair/west-hollywood/,0,7,0.0,66.7
appliance repair estimate,https://samedayappliance.repair/price-list/,0,7,0.0,82.0
appliance repair fontana ca,https://samedayappliance.repair/fontana/,0,9,0.0,34.1
appliance repair glendale,https://samedayappliance.repair/glendale/,0,6,0.0,49.3
appliance repair glendale ca,https://samedayappliance.repair/glendale/,0,6,0.0,54.0
appliance repair highland park,https://samedayappliance.repair/highland-park/,0,19,0.0,32.7
appliance repair hollywood ca,https://samedayappliance.repair/hollywood/,0,19,0.0,22.8
appliance repair hollywood ca,https://samedayappliance.repair/west-hollywood/,0,5,0.0,5.0
appliance repair huntington beach ca,https://samedayappliance.repair/huntington-beach/,0,9,0.0,54.1
appliance repair in burbank,https://samedayappliance.repair/burbank/,0,7,0.0,53.1
appliance repair in pasadena,https://samedayappliance.repair/pasadena/,0,10,0.0,45.2
appliance repair in pasadena ca,https://samedayappliance.repair/pasadena/,0,8,0.0,46.4
appliance repair in pasadena ca,https://samedayappliance.repair/south-pasadena/,0,5,0.0,77.2
appliance repair in riverside,https://samedayappliance.repair/riverside-county/,0,5,0.0,56.8
appliance repair in riverside,https://samedayappliance.repair/riverside/,0,8,0.0,51.0
appliance repair in thousand oaks,https://samedayappliance.repair/thousand-oaks/,0,6,0.0,7.5
appliance repair inland empire,https://samedayappliance.repair/riverside-county/,0,8,0.0,61.1
appliance repair laguna niguel ca,https://samedayappliance.repair/laguna-niguel/,0,19,0.0,46.9
appliance repair lake elsinore,https://samedayappliance.repair/lake-elsinore/,0,7,0.0,35.9
appliance repair long beach,https://samedayappliance.repair/long-beach/,0,6,0.0,53.7
appliance repair los angeles,https://samedayappliance.repair/areas/los-angeles-and-surrounding-areas/,0,18,0.0,49.8
appliance repair los angeles ca,https://samedayappliance.repair/areas/los-angeles-and-surrounding-areas/,0,7,0.0,71.9
appliance repair los angeles ca,https://samedayappliance.repair/los-angeles/,0,7,0.0,47.4
appliance repair manhattan beach,https://samedayappliance.repair/manhattan-beach/,0,11,0.0,44.8
appliance repair manhattan beach ca,https://samedayappliance.repair/los-angeles/,0,9,0.0,5.4
appliance repair marina,https://samedayappliance.repair/marina-del-rey/,0,11,0.0,28.5
appliance repair marina del rey ca,https://samedayappliance.repair/los-angeles/,0,11,0.0,1.0
appliance repair marina del rey ca,https://samedayappliance.repair/marina-del-rey/,0,13,0.0,15.8
appliance repair mission hills,https://samedayappliance.repair/mission-viejo/,0,6,0.0,56.3
appliance repair mission viejo,https://samedayappliance.repair/mission-viejo/,0,5,0.0,51.2
appliance repair monterey,https://samedayappliance.repair/monterey-park/,0,15,0.0,38.7
appliance repair monterey ca,https://samedayappliance.repair/monterey-park/,0,9,0.0,39.4
appliance repair monterey park ca,https://samedayappliance.repair/monterey-park/,0,15,0.0,18.4
appliance repair monterey park ca,https://samedayappliance.repair/west-hollywood/,0,6,0.0,21.0
appliance repair moorpark ca,https://samedayappliance.repair/moorpark/,0,8,0.0,35.0
appliance repair moorpark ca,https://samedayappliance.repair/thousand-oaks/,0,19,0.0,1.0
appliance repair near me,https://samedayappliance.repair/beverly-hills/,0,7,0.0,15.0
appliance repair near me,https://samedayappliance.repair/brentwood/,0,11,0.0,24.1
appliance repair near me,https://samedayappliance.repair/los-angeles/,0,57,0.0,1.0
appliance repair near me,https://samedayappliance.repair/murrieta/,0,6,0.0,21.0
appliance repair near me,https://samedayappliance.repair/pasadena/,0,17,0.0,14.5
appliance repair near me,https://samedayappliance.repair/rancho-cucamonga/,0,8,0.0,16.4
appliance repair near me,https://samedayappliance.repair/redlands/,0,5,0.0,14.2
appliance repair near me,https://samedayappliance.repair/riverside/,0,7,0.0,20.3
appliance repair near me,https://samedayappliance.repair/south-pasadena/,0,7,0.0,36.3
appliance repair near me,https://samedayappliance.repair/thousand-oaks/,0,12,0.0,4.5
appliance repair near me,https://samedayappliance.repair/west-hollywood/,0,140,0.0,1.9
appliance repair newport beach ca,https://samedayappliance.repair/newport-beach/,0,9,0.0,47.3
appliance repair north hollywood,https://samedayappliance.repair/north-hollywood/,0,12,0.0,41.8
appliance repair north hollywood ca,https://samedayappliance.repair/north-hollywood/,0,16,0.0,37.9
appliance repair north hollywood ca,https://samedayappliance.repair/west-hollywood/,0,15,0.0,35.7
appliance repair oak park ca,https://samedayappliance.repair/oak-park/,0,12,0.0,28.8
appliance repair oak park ca,https://samedayappliance.repair/thousand-oaks/,0,32,0.0,1.0
appliance repair ontario ca,https://samedayappliance.repair/ontario/,0,9,0.0,36.1
appliance repair orange county,https://samedayappliance.repair/orange-county/,0,9,0.0,64.1
appliance repair oxnard ca,https://samedayappliance.repair/oxnard/,0,9,0.0,39.8
appliance repair pasadena,https://samedayappliance.repair/pasadena/,0,24,0.0,45.0
appliance repair pasadena ca,https://samedayappliance.repair/pasadena/,0,34,0.0,36.6
appliance repair port hueneme ca,https://samedayappliance.repair/oxnard/,0,6,0.0,29.3
appliance repair rancho cucamonga ca,https://samedayappliance.repair/rancho-cucamonga/,0,9,0.0,39.4
appliance repair redlands ca,https://samedayappliance.repair/redlands/,0,7,0.0,37.9
appliance repair redondo beach,https://samedayappliance.repair/redondo-beach/,0,10,0.0,41.5
appliance repair redondo beach ca,https://samedayappliance.repair/redondo-beach/,0,8,0.0,41.9
appliance repair river village,https://samedayappliance.repair/atwater-village/,0,9,0.0,20.4
appliance repair riverside ca,https://samedayappliance.repair/riverside/,0,10,0.0,50.6
appliance repair san bernardino ca,https://samedayappliance.repair/san-bernardino-county/,0,9,0.0,45.1
appliance repair san bernardino ca,https://samedayappliance.repair/san-bernardino/,0,10,0.0,49.9
appliance repair san clemente ca,https://samedayappliance.repair/san-clemente/,0,9,0.0,42.8
appliance repair santa monica,https://samedayappliance.repair/santa-monica/,0,13,0.0,43.4
appliance repair santa monica ca,https://samedayappliance.repair/los-angeles/,0,13,0.0,1.0
appliance repair santa monica ca,https://samedayappliance.repair/santa-monica/,0,16,0.0,37.6
appliance repair santa paula ca,https://samedayappliance.repair/thousand-oaks/,0,6,0.0,4.3
appliance repair service,https://samedayappliance.repair/los-angeles/,0,23,0.0,1.0
appliance repair service,https://samedayappliance.repair/west-hollywood/,0,17,0.0,3.4
appliance repair service near me,https://samedayappliance.repair/pasadena/,0,6,0.0,17.8
appliance repair sherman oaks,https://samedayappliance.repair/sherman-oaks/,0,6,0.0,60.2
appliance repair sherman oaks ca,https://samedayappliance.repair/sherman-oaks/,0,10,0.0,59.0
appliance repair sherman oaks ca,https://samedayappliance.repair/west-hollywood/,0,8,0.0,61.0
appliance repair simi valley ca,https://samedayappliance.repair/thousand-oaks/,0,17,0.0,1.0
appliance repair south pasadena,https://samedayappliance.repair/pasadena/,0,8,0.0,46.1
appliance repair south pasadena,https://samedayappliance.repair/south-pasadena/,0,7,0.0,29.6
appliance repair studio city,https://samedayappliance.repair/studio-city/,0,20,0.0,47.2
appliance repair studio city ca,https://samedayappliance.repair/west-hollywood/,0,11,0.0,37.4
appliance repair sun valley ca,https://samedayappliance.repair/west-hollywood/,0,5,0.0,73.0
appliance repair tarzana,https://samedayappliance.repair/tarzana/,0,10,0.0,43.4
appliance repair tarzana ca,https://samedayappliance.repair/tarzana/,0,6,0.0,33.3
appliance repair thousand oaks,https://samedayappliance.repair/thousand-oaks/,0,11,0.0,10.1
appliance repair thousand oaks ca,https://samedayappliance.repair/thousand-oaks/,0,41,0.0,2.0
appliance repair toluca lake,https://samedayappliance.repair/toluca-lake/,0,7,0.0,16.4
appliance repair torrance,https://samedayappliance.repair/torrance/,0,8,0.0,53.8
appliance repair torrance ca,https://samedayappliance.repair/torrance/,0,6,0.0,49.0
appliance repair tustin ca,https://samedayappliance.repair/tustin/,0,12,0.0,55.8
appliance repair upland,https://samedayappliance.repair/upland/,0,11,0.0,29.7
appliance repair upland ca,https://samedayappliance.repair/upland/,0,6,0.0,29.2
appliance repair valley glen ca,https://samedayappliance.repair/west-hollywood/,0,11,0.0,53.7
appliance repair venice ca,https://samedayappliance.repair/los-angeles/,0,15,0.0,19.7
appliance repair ventura,https://samedayappliance.repair/ventura-county/,0,8,0.0,61.2
appliance repair ventura,https://samedayappliance.repair/ventura/,0,8,0.0,52.5
appliance repair ventura ca,https://samedayappliance.repair/ventura-county/,0,14,0.0,56.8
appliance repair ventura ca,https://samedayappliance.repair/ventura/,0,15,0.0,48.9
appliance repair ventura county,https://samedayappliance.repair/ventura-county/,0,7,0.0,51.3
appliance repair ventura county,https://samedayappliance.repair/ventura/,0,7,0.0,50.4
appliance repair west hills ca,https://samedayappliance.repair/west-hollywood/,0,7,0.0,63.9
appliance repair west hollywood,https://samedayappliance.repair/west-hollywood/,0,174,0.0,4.8
appliance repair west hollywood ca,https://samedayappliance.repair/west-hollywood/,0,7,0.0,1.0
appliance repair west la,https://samedayappliance.repair/west-hollywood/,0,17,0.0,13.1
appliance repair west los angeles,https://samedayappliance.repair/los-angeles/,0,7,0.0,3.9
appliance repair west los angeles,https://samedayappliance.repair/west-hollywood/,0,20,0.0,20.4
appliance repair yorba linda ca,https://samedayappliance.repair/yorba-linda/,0,10,0.0,50.1
appliance repairs,https://samedayappliance.repair/san-gabriel/,0,8,0.0,25.0
appliance repairs arcadia,https://samedayappliance.repair/arcadia/,0,7,0.0,33.1
appliance repairs la cañada flintridge,https://samedayappliance.repair/la-canada-flintridge/,0,8,0.0,43.4
appliance repairs monterey park,https://samedayappliance.repair/monterey-park/,0,8,0.0,18.4
appliance repairs near me,https://samedayappliance.repair/san-gabriel/,0,8,0.0,28.9
appliance repairs pasadena,https://samedayappliance.repair/pasadena/,0,7,0.0,44.3
appliance repairs san marino,https://samedayappliance.repair/san-marino/,0,7,0.0,14.4
appliance repairs temple city,https://samedayappliance.repair/temple-city/,0,8,0.0,42.5
appliance service in pasadena,https://samedayappliance.repair/pasadena/,0,11,0.0,44.1
appliane repair culver city ca,https://samedayappliance.repair/west-hollywood/,0,5,0.0,21.0
arcadia appliance repair,https://samedayappliance.repair/arcadia/,0,9,0.0,51.3
average dishwasher repair cost 2026,https://samedayappliance.repair/price-list/dishwasher-repair-cost/,0,5,0.0,12.0
barbecue grill repair,https://samedayappliance.repair/services/bbq-grill-repair-los-angeles/,0,8,0.0,29.1
barbecue grill repair service,https://samedayappliance.repair/services/bbq-grill-repair-los-angeles/,0,7,0.0,58.0
barbecue repair,https://samedayappliance.repair/services/bbq-grill-repair-los-angeles/,0,10,0.0,29.8
barbecue restoration,https://samedayappliance.repair/services/bbq-grill-repair-los-angeles/,0,5,0.0,28.4
barbeque grill repair,https://samedayappliance.repair/services/bbq-grill-repair-los-angeles/,0,8,0.0,57.8
barbeque repair,https://samedayappliance.repair/services/bbq-grill-repair-los-angeles/,0,6,0.0,30.0
bbq grill repair,https://samedayappliance.repair/services/bbq-grill-repair-los-angeles/,0,12,0.0,57.7
bbq repair,https://samedayappliance.repair/services/bbq-grill-repair-los-angeles/,0,7,0.0,24.0
bbq repair near me,https://samedayappliance.repair/services/bbq-grill-repair-los-angeles/,0,5,0.0,13.4
bel air appliance repair,https://samedayappliance.repair/bel-air/,0,7,0.0,39.6
beverly hills appliance repair,https://samedayappliance.repair/beverly-hills/,0,8,0.0,41.0
blaze appliance repair service,https://samedayappliance.repair/outdoor/,0,7,0.0,57.6
blaze refrigerator repair,https://samedayappliance.repair/outdoor/,0,9,0.0,32.8
bosch appliance repair,https://samedayappliance.repair/los-angeles/,0,33,0.0,1.0
bosch appliance repair,https://samedayappliance.repair/west-hollywood/,0,133,0.0,1.0
bosch appliance repair brentwood,https://samedayappliance.repair/brentwood/,0,6,0.0,42.7
bosch appliance repair laguna niguel,https://samedayappliance.repair/laguna-niguel/,0,8,0.0,38.8
brentwood appliance repair,https://samedayappliance.repair/brentwood/,0,5,0.0,53.0
built-in freezer repair,https://samedayappliance.repair/services/built-in-refrigerator-repair/,0,7,0.0,42.7
built-in grill repair,https://samedayappliance.repair/services/bbq-grill-repair-los-angeles/,0,7,0.0,22.9
bull outdoor refrigerator repair,https://samedayappliance.repair/outdoor/,0,8,0.0,54.6
bull outdoor refrigerator repair,https://samedayappliance.repair/services/outdoor-refrigerator-repair/,0,8,0.0,31.0
burbank appliance repair,https://samedayappliance.repair/burbank/,0,9,0.0,51.9
burbank appliance repair specialists,https://samedayappliance.repair/burbank/,0,9,0.0,45.7
burbank refrigerator repair,https://samedayappliance.repair/burbank/,0,6,0.0,57.8
cafe refrigerator repair,https://samedayappliance.repair/brands/ge-cafe/,0,6,0.0,47.7
capital barbecue repair,https://samedayappliance.repair/brands/capital-bbq-grill-repair/,0,13,0.0,12.8
capital bbq repair,https://samedayappliance.repair/brands/capital-bbq-grill-repair/,0,8,0.0,12.1
capital grill repair,https://samedayappliance.repair/brands/capital-bbq-grill-repair/,0,12,0.0,11.5
capital grill repair,https://samedayappliance.repair/services/bbq-grill-repair-los-angeles/,0,7,0.0,23.6
cellar cooling repairs near me,https://samedayappliance.repair/services/wine-cellar-cooling-repair/,0,5,0.0,64.0
cellarpro repair,https://samedayappliance.repair/services/wine-cellar-repair-los-angeles/,0,6,0.0,34.0
cellarpro repair,https://samedayappliance.repair/services/wine-cellar-repair/,0,5,0.0,56.2
cellarpro repair los angeles,https://samedayappliance.repair/services/wine-cellar-repair/,0,18,0.0,10.9
champion dishwasher repair,https://samedayappliance.repair/brands/champion-dishwasher-repair/,0,7,0.0,12.9
charcoal bbq repair,https://samedayappliance.repair/services/bbq-grill-repair-los-angeles/,0,7,0.0,16.9
combi oven repair,https://samedayappliance.repair/commercial/oven-repair/combi-oven-repair/,0,12,0.0,17.7
combi oven repair,https://samedayappliance.repair/services/wall-oven-repair/,0,17,0.0,20.9
commercial appliance repair,https://samedayappliance.repair/west-hollywood/,0,5,0.0,5.0
commercial appliance repair los angeles,https://samedayappliance.repair/commercial/washer-repair/,0,5,0.0,64.6
commercial appliance repair rancho cucamonga,https://samedayappliance.repair/rancho-cucamonga/,0,5,0.0,36.4
commercial barbecue repair,https://samedayappliance.repair/services/bbq-grill-repair-los-angeles/,0,17,0.0,15.6
commercial dish machine repair,https://samedayappliance.repair/commercial/dishwasher-repair/,0,5,0.0,69.0
commercial dryer repair,https://samedayappliance.repair/commercial/laundry-repair/,0,13,0.0,34.5
commercial exhaust hood repair,https://samedayappliance.repair/commercial/exhaust-hood-repair/,0,5,0.0,73.6
commercial exhaust hood repair cost,https://samedayappliance.repair/price-list/commercial-exhaust-hood-repair-cost/,0,90,0.0,4.8
commercial exhaust hood repair cost,https://samedayappliance.repair/price-list/range-hood-repair-cost/,0,43,0.0,11.0
commercial food processor repair,https://samedayappliance.repair/commercial/food-processor-repair/,0,16,0.0,59.7
commercial freezer repair los angeles,https://samedayappliance.repair/services/commercial-freezer-repair-los-angeles/,0,5,0.0,20.8
commercial fryer repair,https://samedayappliance.repair/commercial/fryer-repair/,0,9,0.0,78.7
commercial holding cabinet repair,https://samedayappliance.repair/commercial/holding-cabinet-repair/,0,26,0.0,19.1
commercial ice machine cleaning cost,https://samedayappliance.repair/price-list/commercial-ice-machine-repair-cost/,0,5,0.0,11.8
commercial ice machine repair cost,https://samedayappliance.repair/price-list/commercial-ice-machine-repair-cost/,0,6,0.0,5.5
commercial kitchen ventilation repairs cost,https://samedayappliance.repair/price-list/commercial-exhaust-hood-repair-cost/,0,7,0.0,7.9
commercial laundry equipment repair,https://samedayappliance.repair/commercial/laundry-repair/,0,11,0.0,88.3
commercial laundry equipment repair,https://samedayappliance.repair/commercial/washer-repair/,0,6,0.0,39.5
commercial laundry equipment service,https://samedayappliance.repair/commercial/laundry-repair/,0,6,0.0,62.0
commercial laundry machine repair,https://samedayappliance.repair/commercial/laundry-repair/,0,6,0.0,82.5
commercial laundry machine repair,https://samedayappliance.repair/commercial/washer-repair/,0,13,0.0,82.5
commercial laundry repair,https://samedayappliance.repair/commercial/laundry-repair/,0,12,0.0,77.8
commercial laundry repair,https://samedayappliance.repair/commercial/washer-repair/,0,7,0.0,56.0
commercial laundry repair service,https://samedayappliance.repair/commercial/washer-repair/,0,5,0.0,59.8
commercial patio heater repair,https://samedayappliance.repair/outdoor/patio-heater-repair/,0,8,0.0,33.9
commercial pizza oven repair,https://samedayappliance.repair/commercial/pizza-oven-repair/,0,33,0.0,74.6
commercial refrigeration repair costs by region us,https://samedayappliance.repair/price-list/commercial-refrigerator-repair-cost/,0,8,0.0,9.8
commercial refrigeration repair los angeles,https://samedayappliance.repair/commercial/refrigeration/,0,6,0.0,50.2
commercial refrigeration repair los angeles ca,https://samedayappliance.repair/commercial/refrigeration/,0,5,0.0,50.2
commercial slushie machine repair,https://samedayappliance.repair/commercial/ice-machines/,0,7,0.0,40.6
commercial slushie machine repair,https://samedayappliance.repair/price-list/commercial-slushie-machine-repair-cost/,0,19,0.0,14.6
commercial steamer repair,https://samedayappliance.repair/commercial/steamer-repair/,0,23,0.0,65.0
commercial vent hood repair,https://samedayappliance.repair/commercial/exhaust-hood-repair/,0,5,0.0,86.8
commercial vent hood repair cost,https://samedayappliance.repair/price-list/commercial-exhaust-hood-repair-cost/,0,317,0.0,4.8
commercial vent hood repair cost,https://samedayappliance.repair/price-list/range-hood-repair-cost/,0,31,0.0,11.7
commercial washer and dryer repair,https://samedayappliance.repair/commercial/laundry-repair/,0,10,0.0,29.7
commercial washer and dryer repair,https://samedayappliance.repair/commercial/washer-repair/,0,15,0.0,71.9
commercial washer repair,https://samedayappliance.repair/commercial/laundry-repair/,0,14,0.0,34.5
commercial washer repair,https://samedayappliance.repair/commercial/washer-repair/,0,21,0.0,71.5
commercial washing machine repair,https://samedayappliance.repair/commercial/washer-repair/,0,11,0.0,81.7
commercial wine cellar repair,https://samedayappliance.repair/services/wine-cellar-cooling-repair/,0,5,0.0,41.0
cooktop repair,https://samedayappliance.repair/pasadena/,0,9,0.0,10.9
cooktop repair burbank,https://samedayappliance.repair/burbank/,0,6,0.0,52.8
cooktop repair near me,https://samedayappliance.repair/pasadena/,0,7,0.0,11.4
cooktop repair pasadena,https://samedayappliance.repair/pasadena/,0,12,0.0,27.1
cooktop repair pasadena,https://samedayappliance.repair/south-pasadena/,0,5,0.0,63.4
cost of garbage disposal repair,https://samedayappliance.repair/price-list/garbage-disposal-repair-cost/,0,5,0.0,70.2
cost of refrigerator compressor repair,https://samedayappliance.repair/price-list/refrigerator-repair-cost/,0,6,0.0,72.2
cost to fix garbage disposal,https://samedayappliance.repair/price-list/garbage-disposal-repair-cost/,0,21,0.0,52.9
cost to replace dryer vent,https://samedayappliance.repair/price-list/dryer-vent-repair-cost/,0,5,0.0,41.6
cove dishwasher repair brentwood,https://samedayappliance.repair/brentwood/,0,12,0.0,16.5
dacor appliance repair,https://samedayappliance.repair/west-hollywood/,0,24,0.0,1.0
dish washer repair brentwood,https://samedayappliance.repair/brentwood/,0,5,0.0,53.4
dishwasher door spring repair cost,https://samedayappliance.repair/price-list/dishwasher-door-spring-repair-cost/,0,7,0.0,23.4
dishwasher door spring repair cost,https://samedayappliance.repair/price-list/dishwasher-repair-cost/,0,14,0.0,11.7
dishwasher leak repair cost,https://samedayappliance.repair/price-list/dishwasher-repair-cost/,0,5,0.0,43.2
dishwasher repair,https://samedayappliance.repair/agoura-hills/,0,7,0.0,28.7
dishwasher repair,https://samedayappliance.repair/areas/los-angeles-and-surrounding-areas/,0,6,0.0,41.8
dishwasher repair,https://samedayappliance.repair/calabasas/,0,6,0.0,30.8
dishwasher repair,https://samedayappliance.repair/pasadena/,0,16,0.0,16.8
dishwasher repair,https://samedayappliance.repair/thousand-oaks/,0,9,0.0,19.1
dishwasher repair,https://samedayappliance.repair/west-hollywood/,0,11,0.0,11.6
dishwasher repair and maintenance services market,https://samedayappliance.repair/price-list/,0,6,0.0,90.3
dishwasher repair brentwood,https://samedayappliance.repair/brentwood/,0,5,0.0,48.2
dishwasher repair burbank,https://samedayappliance.repair/burbank/,0,5,0.0,48.2
dishwasher repair cost,https://samedayappliance.repair/price-list/dishwasher-repair-cost/,0,25,0.0,39.6
dishwasher repair monterey,https://samedayappliance.repair/monterey-park/,0,12,0.0,40.6
dishwasher repair pasadena,https://samedayappliance.repair/pasadena/,0,9,0.0,45.9
dishwasher repair rancho cucamonga,https://samedayappliance.repair/rancho-cucamonga/,0,6,0.0,30.7
dishwasher service,https://samedayappliance.repair/agoura-hills/,0,7,0.0,34.6
dishwasher service,https://samedayappliance.repair/calabasas/,0,8,0.0,35.9
dishwasher service,https://samedayappliance.repair/services/dishwasher-repair/,0,12,0.0,52.1
dishwasher service,https://samedayappliance.repair/thousand-oaks/,0,5,0.0,21.8
dryer motor replacement cost,https://samedayappliance.repair/price-list/dryer-motor-replacement-cost/,0,5,0.0,21.4
dryer repair,https://samedayappliance.repair/agoura-hills/,0,8,0.0,41.6
dryer repair,https://samedayappliance.repair/beverly-hills/,0,8,0.0,28.0
dryer repair,https://samedayappliance.repair/calabasas/,0,10,0.0,24.0
dryer repair,https://samedayappliance.repair/los-angeles/,0,10,0.0,1.0
dryer repair,https://samedayappliance.repair/pasadena/,0,15,0.0,18.8
dryer repair,https://samedayappliance.repair/west-hollywood/,0,37,0.0,4.0
dryer repair,https://samedayappliance.repair/westlake-village/,0,5,0.0,19.0
dryer repair burbank,https://samedayappliance.repair/burbank/,0,15,0.0,57.1
dryer repair cost,https://samedayappliance.repair/price-list/dryer-repair-cost/,0,8,0.0,47.9
dryer repair highland park,https://samedayappliance.repair/highland-park/,0,10,0.0,37.7
dryer repair monterey,https://samedayappliance.repair/monterey-park/,0,8,0.0,35.5
dryer repair near me,https://samedayappliance.repair/pasadena/,0,6,0.0,15.8
dryer repair near me,https://samedayappliance.repair/rancho-cucamonga/,0,5,0.0,17.6
dryer repair near me,https://samedayappliance.repair/riverside-county/,0,12,0.0,75.2
dryer repair near me,https://samedayappliance.repair/thousand-oaks/,0,9,0.0,1.0
dryer repair near me same day,https://samedayappliance.repair/west-hollywood/,0,5,0.0,14.6
dryer repair pasadena,https://samedayappliance.repair/pasadena/,0,21,0.0,41.7
dryer repair thousand oaks,https://samedayappliance.repair/thousand-oaks/,0,6,0.0,21.8
dryer repair upland,https://samedayappliance.repair/upland/,0,5,0.0,28.0
dryer repair ventura,https://samedayappliance.repair/ventura-county/,0,6,0.0,51.2
dryer repair ventura,https://samedayappliance.repair/ventura/,0,7,0.0,51.4
dryer service,https://samedayappliance.repair/agoura-hills/,0,8,0.0,35.2
dryer service,https://samedayappliance.repair/calabasas/,0,8,0.0,27.0
dryer vent repair cost,https://samedayappliance.repair/price-list/dryer-vent-repair-cost/,0,8,0.0,30.6
electric bbq repair,https://samedayappliance.repair/services/bbq-grill-repair-los-angeles/,0,5,0.0,17.2
electric oven repair cost,https://samedayappliance.repair/price-list/oven-repair-cost/,0,7,0.0,21.3
electric wall heater repair,https://samedayappliance.repair/services/wall-heater-repair-los-angeles/,0,45,0.0,44.5
electrical bbq repair,https://samedayappliance.repair/services/bbq-grill-repair-los-angeles/,0,13,0.0,14.7
electrolux washer repair,https://samedayappliance.repair/brands/electrolux-washer-repair/,0,10,0.0,91.3
emergency ammonia refrigeration repair california,https://samedayappliance.repair/commercial/refrigeration/,0,22,0.0,51.8
emergency ammonia refrigeration repair california,https://samedayappliance.repair/commercial/refrigerator-repair/,0,12,0.0,58.0
emergency ammonia refrigeration repair california,https://samedayappliance.repair/services/outdoor-refrigerator-repair/,0,11,0.0,71.8
emergency industrial refrigeration repair california,https://samedayappliance.repair/commercial/refrigeration/,0,22,0.0,65.5
emergency refrigerator repair,https://samedayappliance.repair/beverly-hills/,0,6,0.0,31.8
emergency refrigerator repair,https://samedayappliance.repair/west-hollywood/,0,7,0.0,9.6
fireplace maintenance los angeles,https://samedayappliance.repair/services/fireplace-repair-los-angeles/,0,6,0.0,24.2
fireplace repair cost,https://samedayappliance.repair/price-list/fireplace-repair-cost/,0,24,0.0,18.9
fireplace repair koreatown,https://samedayappliance.repair/koreatown/,0,5,0.0,24.2
fireplace repair los angeles,https://samedayappliance.repair/services/fireplace-repair-los-angeles/,0,22,0.0,22.5
fireplace service los angeles,https://samedayappliance.repair/services/fireplace-repair-los-angeles/,0,11,0.0,27.5
fisher & paykel dishwasher repair,https://samedayappliance.repair/brands/fisher-paykel-dishwasher-repair/,0,8,0.0,63.9
fisher & paykel microwave oven repair,https://samedayappliance.repair/brands/fisher-paykel-oven-repair/,0,5,0.0,19.6
fisher & paykel oven repair,https://samedayappliance.repair/brands/fisher-paykel-oven-repair/,0,8,0.0,27.0
fisher paykel dishwasher repair,https://samedayappliance.repair/brands/fisher-paykel-dishwasher-repair/,0,7,0.0,70.4
fix my barbecue,https://samedayappliance.repair/services/bbq-grill-repair-los-angeles/,0,5,0.0,21.8
fix my barbecue grill,https://samedayappliance.repair/services/bbq-grill-repair-los-angeles/,0,5,0.0,39.4
fix my bbq,https://samedayappliance.repair/services/bbq-grill-repair-los-angeles/,0,10,0.0,21.8
fix my bbq grill,https://samedayappliance.repair/services/bbq-grill-repair-los-angeles/,0,5,0.0,28.0
food processor repair,https://samedayappliance.repair/commercial/food-processor-repair/,0,7,0.0,23.9
freestanding grill repair,https://samedayappliance.repair/services/bbq-grill-repair-los-angeles/,0,5,0.0,38.8
freezer box repair,https://samedayappliance.repair/services/freezer-repair-los-angeles/,0,5,0.0,31.8
freezer repair cost,https://samedayappliance.repair/price-list/commercial-walk-in-freezer-repair-cost/,0,20,0.0,31.7
freezer repair cost,https://samedayappliance.repair/price-list/freezer-repair-cost/,0,19,0.0,62.4
freezer repair cost,https://samedayappliance.repair/price-list/refrigerator-repair-cost/,0,15,0.0,77.3
freezer repair los angeles,https://samedayappliance.repair/services/freezer-repair/,0,5,0.0,62.6
fridge repair,https://samedayappliance.repair/pasadena/,0,7,0.0,17.0
fridge repair burbank,https://samedayappliance.repair/burbank/,0,8,0.0,61.5
fridge repair cost,https://samedayappliance.repair/price-list/refrigerator-repair-cost/,0,18,0.0,66.5
fridge repair near me,https://samedayappliance.repair/anaheim/,0,5,0.0,16.8
fridge repair near me,https://samedayappliance.repair/pasadena/,0,9,0.0,13.2
fridge repair pasadena,https://samedayappliance.repair/pasadena/,0,6,0.0,44.7
garbage disposal repair,https://samedayappliance.repair/services/garbage-disposal-repair/,0,31,0.0,41.6
garbage disposal repair cost,https://samedayappliance.repair/price-list/garbage-disposal-repair-cost/,0,10,0.0,48.1
garbage disposal repair pasadena california,https://samedayappliance.repair/services/garbage-disposal-repair/,0,6,0.0,33.0
gas bbq repair,https://samedayappliance.repair/services/bbq-grill-repair-los-angeles/,0,5,0.0,14.8
gas fireplace repair cost,https://samedayappliance.repair/price-list/fireplace-repair-cost/,0,13,0.0,16.6
gas fireplace repair los angeles,https://samedayappliance.repair/services/fireplace-repair-los-angeles/,0,9,0.0,20.1
gas stove repair cost,https://samedayappliance.repair/price-list/stove-repair-cost/,0,5,0.0,26.0
gas stove repair near me,https://samedayappliance.repair/services/stove-repair/,0,6,0.0,62.0
ge cafe refrigerator repair,https://samedayappliance.repair/brands/ge-cafe/,0,8,0.0,27.4
ge repair costa mesa,https://samedayappliance.repair/costa-mesa/,0,8,0.0,40.4
ge repair mission viejo,https://samedayappliance.repair/mission-viejo/,0,5,0.0,46.6
ge washer dryer combo repair,https://samedayappliance.repair/brands/ge-washer-repair/,0,5,0.0,73.2
ghost kitchen equipment repair,https://samedayappliance.repair/for-business/restaurants/,0,9,0.0,34.7
glendale same day heat pump repair,https://samedayappliance.repair/glendale/,0,7,0.0,48.6
grill repair,https://samedayappliance.repair/services/bbq-grill-repair-los-angeles/,0,7,0.0,25.1
high end appliance repair brentwood,https://samedayappliance.repair/brentwood/,0,6,0.0,40.2
highland park appliance repair,https://samedayappliance.repair/highland-park/,0,19,0.0,37.0
home appliance repair burbank,https://samedayappliance.repair/burbank/,0,7,0.0,44.4
home appliance repair near me,https://samedayappliance.repair/hemet/,0,5,0.0,17.4
home appliance repair near me,https://samedayappliance.repair/pasadena/,0,8,0.0,17.0
home appliance repair pasadena,https://samedayappliance.repair/pasadena/,0,9,0.0,40.7
hood fan repair,https://samedayappliance.repair/services/range-hood-repair/,0,6,0.0,61.2
hood repair,https://samedayappliance.repair/services/range-hood-repair/,0,5,0.0,48.6
hotel appliance repair,https://samedayappliance.repair/for-business/hotels/,0,5,0.0,24.0
huntington beach washing machine repair,https://samedayappliance.repair/huntington-beach/,0,5,0.0,60.4
"hvac services in pacific palisades, ca",https://samedayappliance.repair/pacific-palisades/,0,6,0.0,87.3
hvac services price list los angeles,https://samedayappliance.repair/price-list/air-conditioner-repair-cost/,0,6,0.0,40.3
ice machine repair near me,https://samedayappliance.repair/san-bernardino/,0,5,0.0,16.4
ice maker repair,https://samedayappliance.repair/services/ice-maker-repair/,0,16,0.0,21.8
ice maker repair laguna niguel,https://samedayappliance.repair/laguna-niguel/,0,6,0.0,47.7
ice maker repair monterey,https://samedayappliance.repair/monterey-park/,0,6,0.0,24.0
ice maker repair near me,https://samedayappliance.repair/anaheim/,0,5,0.0,11.6
ice maker repair near me,https://samedayappliance.repair/rancho-cucamonga/,0,6,0.0,16.5
ice maker repair riverside,https://samedayappliance.repair/riverside/,0,7,0.0,17.6
induction cooktop repair,https://samedayappliance.repair/services/induction-cooktop-repair/,0,8,0.0,33.4
infrared bbq repair,https://samedayappliance.repair/services/bbq-grill-repair-los-angeles/,0,6,0.0,17.5
kitchen appliance repair burbank,https://samedayappliance.repair/burbank/,0,7,0.0,41.6
kitchen appliance repair pasadena,https://samedayappliance.repair/pasadena/,0,8,0.0,32.2
la canada flintridge appliance repair,https://samedayappliance.repair/la-canada-flintridge/,0,8,0.0,42.5
laundromat appliance repair,https://samedayappliance.repair/commercial/washer-repair/,0,5,0.0,56.0
lg appliance repair,https://samedayappliance.repair/brands/lg/,0,67,0.0,59.4
lg appliance repair service,https://samedayappliance.repair/brands/lg/,0,10,0.0,77.0
lg dishwasher repair,https://samedayappliance.repair/brands/lg/,0,33,0.0,50.9
lg dryer motor replacement cost,https://samedayappliance.repair/price-list/dryer-motor-replacement-cost/,0,5,0.0,7.6
lg dryer repair,https://samedayappliance.repair/brands/lg/,0,14,0.0,72.8
lg dryer repair cost,https://samedayappliance.repair/price-list/lg-dryer-repair-cost/,0,5,0.0,12.8
lg dryer repair service,https://samedayappliance.repair/brands/lg/,0,13,0.0,71.9
lg freezer repair,https://samedayappliance.repair/brands/lg/,0,6,0.0,74.3
lg fridge repair,https://samedayappliance.repair/brands/lg/,0,11,0.0,65.5
lg gas dryer repair,https://samedayappliance.repair/brands/lg/,0,9,0.0,42.9
lg laundry machine repair,https://samedayappliance.repair/brands/lg/,0,5,0.0,79.8
lg laundry repair,https://samedayappliance.repair/brands/lg/,0,5,0.0,69.0
lg microwave oven repair,https://samedayappliance.repair/brands/lg/,0,5,0.0,61.2
lg oven repair,https://samedayappliance.repair/brands/lg/,0,14,0.0,60.5
lg refrigerator repair,https://samedayappliance.repair/brands/lg/,0,24,0.0,75.4
lg refrigerator repairs,https://samedayappliance.repair/brands/lg/,0,8,0.0,74.6
lg repair west hollywood,https://samedayappliance.repair/west-hollywood/,0,142,0.0,1.0
lg washer repair,https://samedayappliance.repair/brands/lg/,0,46,0.0,76.7
lg washing machine repair,https://samedayappliance.repair/brands/lg/,0,13,0.0,81.8
lg washing machine repair near me,https://samedayappliance.repair/west-hollywood/,0,16,0.0,2.9
liebherr freezer repair,https://samedayappliance.repair/brands/liebherr/,0,8,0.0,53.4
liebherr fridge repair,https://samedayappliance.repair/brands/liebherr/,0,7,0.0,66.9
liebherr refrigerator repair,https://samedayappliance.repair/brands/liebherr/,0,7,0.0,69.6
liebherr repair,https://samedayappliance.repair/brands/liebherr/,0,6,0.0,68.2
local appliance repair burbank,https://samedayappliance.repair/burbank/,0,9,0.0,38.4
local appliance repair pasadena,https://samedayappliance.repair/pasadena/,0,9,0.0,33.1
los angeles fireplace repair,https://samedayappliance.repair/services/fireplace-repair-los-angeles/,0,11,0.0,24.0
los feliz appliance repair,https://samedayappliance.repair/los-feliz/,0,11,0.0,4.9
machine repair murrieta ca,https://samedayappliance.repair/murrieta/,0,5,0.0,31.2
margarita machine repair,https://samedayappliance.repair/commercial/ice-machines/,0,7,0.0,85.6
maytag dryer repair,https://samedayappliance.repair/brands/maytag/,0,18,0.0,66.7
maytag repair,https://samedayappliance.repair/brands/maytag/,0,5,0.0,62.8
maytag repair laguna niguel,https://samedayappliance.repair/laguna-niguel/,0,8,0.0,39.4
microwave repair,https://samedayappliance.repair/services/microwave-repair/,0,17,0.0,46.2
monterey appliance repair,https://samedayappliance.repair/monterey-park/,0,7,0.0,41.1
outdoor gas grill repair,https://samedayappliance.repair/services/bbq-grill-repair-los-angeles/,0,14,0.0,61.8
outdoor grill repair,https://samedayappliance.repair/services/bbq-grill-repair-los-angeles/,0,22,0.0,42.1
outdoor grill repair,https://samedayappliance.repair/services/bbq-grill-repair/,0,13,0.0,71.8
outdoor heater repair,https://samedayappliance.repair/price-list/patio-heater-repair-cost/,0,6,0.0,19.0
outdoor kitchen repair,https://samedayappliance.repair/outdoor/,0,9,0.0,36.3
outdoor kitchen repair,https://samedayappliance.repair/services/bbq-grill-repair-los-angeles/,0,10,0.0,17.8
oven repair,https://samedayappliance.repair/agoura-hills/,0,7,0.0,37.9
oven repair,https://samedayappliance.repair/beverly-hills/,0,8,0.0,14.4
oven repair,https://samedayappliance.repair/calabasas/,0,7,0.0,23.9
oven repair,https://samedayappliance.repair/los-angeles/,0,16,0.0,1.0
oven repair,https://samedayappliance.repair/pasadena/,0,17,0.0,14.0
oven repair,https://samedayappliance.repair/west-hollywood/,0,13,0.0,9.1
oven repair burbank,https://samedayappliance.repair/burbank/,0,15,0.0,54.9
oven repair cost,https://samedayappliance.repair/price-list/oven-repair-cost/,0,5,0.0,41.4
oven repair cost,https://samedayappliance.repair/price-list/wall-oven-repair-cost/,0,6,0.0,76.3
oven repair highland park,https://samedayappliance.repair/highland-park/,0,6,0.0,30.0
oven repair los angeles,https://samedayappliance.repair/services/oven-repair-los-angeles/,0,17,0.0,20.5
oven repair monterey,https://samedayappliance.repair/monterey-park/,0,6,0.0,43.2
oven repair near me,https://samedayappliance.repair/rancho-cucamonga/,0,5,0.0,17.4
oven repair near me,https://samedayappliance.repair/thousand-oaks/,0,10,0.0,1.0
oven repair pasadena,https://samedayappliance.repair/pasadena/,0,10,0.0,36.5
oven service,https://samedayappliance.repair/agoura-hills/,0,9,0.0,38.6
oven service,https://samedayappliance.repair/calabasas/,0,6,0.0,43.0
pasadena appliance repair,https://samedayappliance.repair/pasadena/,0,11,0.0,47.6
pasadena refrigerator repair,https://samedayappliance.repair/pasadena/,0,9,0.0,43.6
patio heater installation los angeles,https://samedayappliance.repair/price-list/patio-heater-repair-cost/,0,6,0.0,11.5
patio heater repair,https://samedayappliance.repair/outdoor/patio-heater-repair/,0,7,0.0,38.6
patio heater repair service near me,https://samedayappliance.repair/outdoor/patio-heater-repair/,0,6,0.0,27.5
pizza oven repair,https://samedayappliance.repair/commercial/pizza-oven-repair/,0,12,0.0,71.2
pizza oven repair,https://samedayappliance.repair/services/pizza-oven-repair/,0,6,0.0,65.2
pizza oven repair near me,https://samedayappliance.repair/commercial/pizza-oven-repair/,0,11,0.0,31.1
pizza ovens repair,https://samedayappliance.repair/commercial/pizza-oven-repair/,0,5,0.0,62.6
pizza ovens repair,https://samedayappliance.repair/price-list/pizza-oven-repair-cost/,0,13,0.0,25.5
portable bbq repair,https://samedayappliance.repair/services/bbq-grill-repair-los-angeles/,0,27,0.0,24.4
range hood repair,https://samedayappliance.repair/services/range-hood-repair/,0,23,0.0,71.6
range repair,https://samedayappliance.repair/agoura-hills/,0,7,0.0,40.6
range repair,https://samedayappliance.repair/calabasas/,0,6,0.0,29.5
range service,https://samedayappliance.repair/services/range-repair-los-angeles/,0,13,0.0,35.1
refrigeration repair near me,https://samedayappliance.repair/riverside-county/,0,22,0.0,86.5
refrigerator commercial repair,https://samedayappliance.repair/commercial/refrigerator-repair/,0,6,0.0,62.3
refrigerator repair,https://samedayappliance.repair/agoura-hills/,0,8,0.0,39.1
refrigerator repair,https://samedayappliance.repair/areas/los-angeles-and-surrounding-areas/,0,7,0.0,39.4
refrigerator repair,https://samedayappliance.repair/brentwood/,0,9,0.0,37.8
refrigerator repair,https://samedayappliance.repair/los-angeles/,0,5,0.0,1.0
refrigerator repair,https://samedayappliance.repair/pasadena/,0,8,0.0,15.6
refrigerator repair,https://samedayappliance.repair/west-hollywood/,0,29,0.0,4.5
refrigerator repair beverly hills,https://samedayappliance.repair/beverly-hills/,0,5,0.0,41.6
refrigerator repair brentwood,https://samedayappliance.repair/brentwood/,0,11,0.0,35.9
refrigerator repair burbank,https://samedayappliance.repair/burbank/,0,9,0.0,58.2
refrigerator repair burbank ca,https://samedayappliance.repair/burbank/,0,6,0.0,50.5
refrigerator repair cost,https://samedayappliance.repair/price-list/refrigerator-repair-cost/,0,22,0.0,64.8
refrigerator repair highland park,https://samedayappliance.repair/highland-park/,0,8,0.0,35.8
refrigerator repair huntington beach,https://samedayappliance.repair/huntington-beach/,0,5,0.0,55.2
refrigerator repair in glendale ca,https://samedayappliance.repair/glendale/,0,14,0.0,51.1
refrigerator repair long beach,https://samedayappliance.repair/long-beach/,0,6,0.0,47.8
refrigerator repair los angeles,https://samedayappliance.repair/areas/los-angeles-and-surrounding-areas/,0,6,0.0,51.2
refrigerator repair los angeles,https://samedayappliance.repair/los-angeles/,0,5,0.0,34.6
refrigerator repair los angeles,https://samedayappliance.repair/services/refrigerator-repair-los-angeles/,0,6,0.0,29.0
refrigerator repair los angeles,https://samedayappliance.repair/services/refrigerator-repair/,0,19,0.0,37.6
refrigerator repair los angeles ca,https://samedayappliance.repair/los-angeles/,0,11,0.0,48.2
refrigerator repair los angeles ca,https://samedayappliance.repair/services/refrigerator-repair/,0,8,0.0,84.0
refrigerator repair mission viejo,https://samedayappliance.repair/mission-viejo/,0,5,0.0,51.8
refrigerator repair monterey,https://samedayappliance.repair/monterey-park/,0,18,0.0,42.5
refrigerator repair monterey ca,https://samedayappliance.repair/monterey-park/,0,6,0.0,37.7
refrigerator repair near me,https://samedayappliance.repair/los-angeles/,0,18,0.0,3.2
refrigerator repair near me,https://samedayappliance.repair/pasadena/,0,9,0.0,12.2
refrigerator repair near me,https://samedayappliance.repair/redlands/,0,7,0.0,13.9
refrigerator repair near me,https://samedayappliance.repair/thousand-oaks/,0,8,0.0,1.0
refrigerator repair near me,https://samedayappliance.repair/west-hollywood/,0,46,0.0,1.0
refrigerator repair pasadena,https://samedayappliance.repair/pasadena/,0,10,0.0,40.3
refrigerator repair upland,https://samedayappliance.repair/upland/,0,6,0.0,29.7
refrigerator repair ventura ca,https://samedayappliance.repair/ventura-county/,0,6,0.0,46.7
refrigerator repair ventura ca,https://samedayappliance.repair/ventura/,0,5,0.0,59.4
refrigerator service,https://samedayappliance.repair/agoura-hills/,0,7,0.0,45.4
refrigirator repair service,https://samedayappliance.repair/los-angeles/,0,15,0.0,1.0
refrigirator repair service,https://samedayappliance.repair/west-hollywood/,0,9,0.0,1.0
repair bbq,https://samedayappliance.repair/services/bbq-grill-repair-los-angeles/,0,8,0.0,52.0
residential refrigerator repair monterey,https://samedayappliance.repair/monterey-park/,0,7,0.0,37.7
residential refrigerator repair monterey ca,https://samedayappliance.repair/monterey-park/,0,6,0.0,40.5
roper repair,https://samedayappliance.repair/brand-roper-appliance-repair/,0,7,0.0,21.1
rotisserie oven maintenance service,https://samedayappliance.repair/brands/bki-rotisserie-repair/,0,14,0.0,36.2
rotisserie service,https://samedayappliance.repair/brands/bki-rotisserie-repair/,0,9,0.0,50.0
same day ac repair calabasas,https://samedayappliance.repair/calabasas/,0,14,0.0,68.1
same day ac repair thousand oaks,https://samedayappliance.repair/thousand-oaks/,0,10,0.0,1.0
same day appliance repair,https://samedayappliance.repair/,0,78,0.0,27.9
same day appliance repair,https://samedayappliance.repair/areas/los-angeles-and-surrounding-areas/,0,11,0.0,14.2
same day appliance repair,https://samedayappliance.repair/contact/,0,5,0.0,72.0
same day appliance repair,https://samedayappliance.repair/los-angeles/,0,35,0.0,3.1
same day appliance repair,https://samedayappliance.repair/north-hollywood/,0,7,0.0,41.4
same day appliance repair,https://samedayappliance.repair/riverside-county/,0,47,0.0,59.0
same day appliance repair,https://samedayappliance.repair/riverside/,0,9,0.0,8.2
same day appliance repair,https://samedayappliance.repair/services/,0,5,0.0,37.2
same day appliance repair orange county,https://samedayappliance.repair/book/,0,6,0.0,28.0
same day appliance repair orange county,https://samedayappliance.repair/orange-county/,0,9,0.0,11.2
same day appliance repair topanga,https://samedayappliance.repair/areas/,0,6,0.0,81.8
same day appliance repair topanga,https://samedayappliance.repair/areas/los-angeles-and-surrounding-areas/,0,12,0.0,67.7
same day appliance repair topanga,https://samedayappliance.repair/book/,0,14,0.0,65.1
same day appliance repair topanga,https://samedayappliance.repair/contact/,0,15,0.0,62.5
same day appliance repair topanga,https://samedayappliance.repair/el-segundo/,0,13,0.0,65.9
same day appliance repair topanga,https://samedayappliance.repair/los-angeles-county/,0,13,0.0,70.1
same day appliance repair topanga,https://samedayappliance.repair/los-angeles/,0,18,0.0,10.7
same day appliance repair topanga,https://samedayappliance.repair/rancho-cucamonga/,0,12,0.0,69.2
same day appliance repair topanga,https://samedayappliance.repair/services/,0,5,0.0,78.6
same day appliance repair woodland hills,https://samedayappliance.repair/woodland-hills/,0,8,0.0,29.6
same day commercial appliance repair,https://samedayappliance.repair/west-hollywood/,0,12,0.0,1.5
same day refrigerator repair los angeles,https://samedayappliance.repair/los-angeles/,0,6,0.0,10.8
same day refrigerator repair los angeles,https://samedayappliance.repair/west-hollywood/,0,6,0.0,16.0
same day service,https://samedayappliance.repair/book/,0,37,0.0,21.6
same day stove repair oc,https://samedayappliance.repair/contact/,0,12,0.0,21.5
same-day appliance repair,https://samedayappliance.repair/,0,23,0.0,11.6
same-day appliance repair reviews,https://samedayappliance.repair/reviews-page/,0,5,0.0,4.6
samsung dishwasher repair cost,https://samedayappliance.repair/price-list/dishwasher-repair-cost/,0,6,0.0,8.8
samsung dryer squeaking repair cost,https://samedayappliance.repair/price-list/dryer-repair-cost/,0,5,0.0,24.8
samsung refrigerator repair laguna niguel,https://samedayappliance.repair/laguna-niguel/,0,5,0.0,49.0
samsung washer repair laguna niguel,https://samedayappliance.repair/laguna-niguel/,0,5,0.0,46.8
san gabriel valley appliance repairs,https://samedayappliance.repair/san-gabriel/,0,8,0.0,43.8
san marino appliance repair,https://samedayappliance.repair/san-marino/,0,9,0.0,21.0
sane day ac repair thousand oaks,https://samedayappliance.repair/thousand-oaks/,0,8,0.0,1.0
santa monica appliance repair,https://samedayappliance.repair/santa-monica/,0,5,0.0,43.8
silver lake appliance repair,https://samedayappliance.repair/silver-lake/,0,9,0.0,18.2
slush machine repair,https://samedayappliance.repair/price-list/commercial-slushie-machine-repair-cost/,0,6,0.0,19.7
slush machine repair,https://samedayappliance.repair/services/commercial-slushie-machine-repair-los-angeles/,0,6,0.0,21.2
slushi machine repair,https://samedayappliance.repair/commercial/ice-machines/,0,7,0.0,46.1
slushi machine repair,https://samedayappliance.repair/price-list/commercial-slushie-machine-repair-cost/,0,15,0.0,16.7
slushi machine repair,https://samedayappliance.repair/services/commercial-slushie-machine-repair-los-angeles/,0,15,0.0,39.8
slushie machine repair,https://samedayappliance.repair/services/commercial-slushie-machine-repair-los-angeles/,0,6,0.0,12.2
small appliance repair pasadena,https://samedayappliance.repair/pasadena/,0,10,0.0,52.9
small appliance repair pasadena ca,https://samedayappliance.repair/pasadena/,0,8,0.0,30.1
small appliance repair pasadena ca,https://samedayappliance.repair/south-pasadena/,0,7,0.0,55.4
small appliance repair ventura ca,https://samedayappliance.repair/ventura-county/,0,6,0.0,55.0
small appliance repair ventura ca,https://samedayappliance.repair/ventura/,0,6,0.0,54.3
smoker bbq repair,https://samedayappliance.repair/services/bbq-grill-repair-los-angeles/,0,6,0.0,18.8
speed queen dryer repair,https://samedayappliance.repair/brands/speed-queen-washer-dryer-repair/,0,6,0.0,82.5
stackable dryer repair,https://samedayappliance.repair/price-list/stackable-washer-dryer-repair-cost/,0,5,0.0,23.6
stacked dryer repair,https://samedayappliance.repair/price-list/stackable-washer-dryer-repair-cost/,0,6,0.0,46.8
stacked dryer repair,https://samedayappliance.repair/services/stackable-washer-dryer-repair/,0,7,0.0,67.1
steam oven repair,https://samedayappliance.repair/services/oven-repair/,0,13,0.0,30.5
steam oven repair,https://samedayappliance.repair/services/wall-oven-repair/,0,45,0.0,21.6
stove repair,https://samedayappliance.repair/agoura-hills/,0,7,0.0,32.4
stove repair,https://samedayappliance.repair/calabasas/,0,7,0.0,28.6
stove repair,https://samedayappliance.repair/services/stove-repair/,0,23,0.0,39.1
stove repair burbank,https://samedayappliance.repair/burbank/,0,8,0.0,48.6
stove repair los angeles,https://samedayappliance.repair/services/stove-repair/,0,5,0.0,42.0
stove repair pasadena,https://samedayappliance.repair/pasadena/,0,10,0.0,36.8
stove repair pasadena,https://samedayappliance.repair/south-pasadena/,0,8,0.0,54.8
sub-zero refrigerator repair brentwood,https://samedayappliance.repair/brentwood/,0,7,0.0,24.3
sub-zero repair laguna niguel,https://samedayappliance.repair/laguna-niguel/,0,13,0.0,27.6
swamp cooler repair los angeles,https://samedayappliance.repair/,0,5,0.0,50.6
thermador repair,https://samedayappliance.repair/los-angeles/,0,5,0.0,1.0
thermostat installation hemet ca,https://samedayappliance.repair/hemet/,0,8,0.0,48.5
thermostat replacement hemet ca,https://samedayappliance.repair/hemet/,0,7,0.0,17.0
trash compactor repair,https://samedayappliance.repair/services/trash-compactor-repair/,0,44,0.0,53.0
trash compactor repair service in salt lake city,https://samedayappliance.repair/services/trash-compactor-repair/,0,12,0.0,62.9
traulsen appliance repair,https://samedayappliance.repair/traulsen-refrigeration-repair/,0,8,0.0,13.0
upland appliance repair,https://samedayappliance.repair/upland/,0,6,0.0,29.0
upright freezer repair,https://samedayappliance.repair/services/freezer-repair/,0,5,0.0,51.6
us cellar systems repair los angeles,https://samedayappliance.repair/price-list/wine-cellar-repair-cost/,0,6,0.0,14.8
us cellar systems repair los angeles,https://samedayappliance.repair/services/wine-cellar-repair-los-angeles/,0,5,0.0,25.0
ventilation hood repair,https://samedayappliance.repair/services/range-hood-repair/,0,6,0.0,67.2
ventura appliance repair,https://samedayappliance.repair/ventura/,0,8,0.0,49.9
ventura appliance service,https://samedayappliance.repair/ventura-county/,0,5,0.0,65.2
ventura appliance service,https://samedayappliance.repair/ventura/,0,6,0.0,49.3
wa air conditioning repair cost,https://samedayappliance.repair/price-list/air-conditioner-repair-cost/,0,5,0.0,78.8
walk in cooler fix,https://samedayappliance.repair/,0,10,0.0,27.5
walk in cooler floor repair,https://samedayappliance.repair/commercial/refrigeration/walk-in-freezer-repair/,0,8,0.0,61.9
walk in cooler installation los angeles,https://samedayappliance.repair/,0,5,0.0,51.0
walk in cooler repair,https://samedayappliance.repair/,0,13,0.0,24.2
walk in cooler repair anaheim ca,https://samedayappliance.repair/anaheim/,0,5,0.0,20.2
walk in cooler repair anaheim ca,https://samedayappliance.repair/commercial/refrigeration/walk-in-cooler-repair/,0,6,0.0,69.2
walk in cooler repair near me,https://samedayappliance.repair/,0,15,0.0,30.6
walk in freezer repair,https://samedayappliance.repair/,0,16,0.0,38.0
walk in freezer repair near me,https://samedayappliance.repair/,0,19,0.0,51.2
walk in freezer repair springdale,https://samedayappliance.repair/,0,8,0.0,49.0
walk in fridge repair,https://samedayappliance.repair/,0,9,0.0,57.4
walk in refrigerator repair,https://samedayappliance.repair/,0,39,0.0,43.8
walk in refrigerator repair near me,https://samedayappliance.repair/,0,5,0.0,41.6
walk in wine cellar repair,https://samedayappliance.repair/services/wine-cooler-repair/,0,5,0.0,18.6
walk-in cooler repair arlington,https://samedayappliance.repair/,0,6,0.0,63.5
walk-in cooler repair near me,https://samedayappliance.repair/,0,27,0.0,60.0
walk-in freezer repair,https://samedayappliance.repair/,0,8,0.0,40.4
walk-in freezer repair arlington,https://samedayappliance.repair/,0,6,0.0,67.0
walk-in freezer repair midlothian,https://samedayappliance.repair/,0,5,0.0,66.6
walk-in freezer repair near me,https://samedayappliance.repair/,0,123,0.0,40.9
walk-in refrigerator repair,https://samedayappliance.repair/,0,27,0.0,38.9
wall heater repair,https://samedayappliance.repair/services/wall-heater-repair-los-angeles/,0,12,0.0,58.2
wall heater repair los angeles,https://samedayappliance.repair/services/wall-heater-repair-los-angeles/,0,8,0.0,19.4
wall mounted heater repair,https://samedayappliance.repair/services/wall-heater-repair-los-angeles/,0,6,0.0,59.7
washer belt replacement cost,https://samedayappliance.repair/price-list/washer-repair-cost/,0,7,0.0,44.9
washer repair,https://samedayappliance.repair/agoura-hills/,0,7,0.0,36.4
washer repair,https://samedayappliance.repair/pasadena/,0,16,0.0,14.6
washer repair,https://samedayappliance.repair/west-hollywood/,0,9,0.0,10.9
washer repair highland park,https://samedayappliance.repair/highland-park/,0,8,0.0,39.8
washer repair near me,https://samedayappliance.repair/pasadena/,0,6,0.0,15.0
washer repair near me,https://samedayappliance.repair/rancho-cucamonga/,0,7,0.0,16.9
washer repair ventura,https://samedayappliance.repair/ventura/,0,7,0.0,53.0
washing machine repair,https://samedayappliance.repair/los-angeles/,0,16,0.0,1.0
washing machine repair,https://samedayappliance.repair/west-hollywood/,0,38,0.0,1.0
washing machine repair and maintenance services market,https://samedayappliance.repair/price-list/washer-repair-cost/,0,6,0.0,91.0
washing machine repair cost,https://samedayappliance.repair/price-list/washer-repair-cost/,0,5,0.0,53.0
washing machine repair rancho cucamonga,https://samedayappliance.repair/rancho-cucamonga/,0,5,0.0,38.2
water heater repair atwater village,https://samedayappliance.repair/atwater-village/,0,5,0.0,44.0
water heater repair in west hollywood ca,https://samedayappliance.repair/west-hollywood/,0,8,0.0,61.5
water heater repair monterey park,https://samedayappliance.repair/monterey-park/,0,9,0.0,19.6
water heater repair san marino,https://samedayappliance.repair/san-marino/,0,5,0.0,19.4
weber barbecue repair,https://samedayappliance.repair/services/bbq-grill-repair-los-angeles/,0,8,0.0,29.1
weber bbq repair,https://samedayappliance.repair/services/bbq-grill-repair-los-angeles/,0,9,0.0,20.7
weber grill repairman,https://samedayappliance.repair/services/bbq-grill-repair-los-angeles/,0,5,0.0,14.4
whisperkool repair,https://samedayappliance.repair/services/wine-cellar-cooling-repair/,0,8,0.0,43.9
whisperkool repair los angeles,https://samedayappliance.repair/price-list/wine-cellar-repair-cost/,0,7,0.0,14.6
whisperkool repair los angeles,https://samedayappliance.repair/services/wine-cellar-repair/,0,6,0.0,11.2
wine cellar cooling unit repair,https://samedayappliance.repair/services/wine-cellar-cooling-repair/,0,12,0.0,77.1
wine cellar cooling unit repair,https://samedayappliance.repair/services/wine-cellar-repair-los-angeles/,0,10,0.0,65.8
wine cellar cooling unit repair los angeles,https://samedayappliance.repair/price-list/wine-cellar-repair-cost/,0,13,0.0,10.9
wine cellar cooling unit repair near me,https://samedayappliance.repair/price-list/wine-cellar-repair-cost/,0,5,0.0,49.4
wine cellar refrigeration repair,https://samedayappliance.repair/services/wine-cellar-cooling-repair/,0,8,0.0,68.1
wine cellar refrigeration service,https://samedayappliance.repair/services/wine-cellar-cooling-repair/,0,8,0.0,75.0
wine cellar repair,https://samedayappliance.repair/services/wine-cellar-cooling-repair/,0,25,0.0,77.6
wine cellar repair,https://samedayappliance.repair/services/wine-cooler-repair/,0,11,0.0,17.2
wine cooler compressor replacement cost,https://samedayappliance.repair/price-list/commercial-wine-cooler-repair-cost/,0,5,0.0,21.4
wine cooler compressor replacement cost,https://samedayappliance.repair/price-list/wine-cooler-repair-cost/,0,5,0.0,11.0
wine cooler repair,https://samedayappliance.repair/services/wine-cooler-repair-los-angeles/,0,20,0.0,66.8
wine cooler repair,https://samedayappliance.repair/services/wine-cooler-repair/,0,6,0.0,14.8
wine cooler repair cost,https://samedayappliance.repair/price-list/commercial-wine-cooler-repair-cost/,0,6,0.0,24.8
wine cooler repair cost,https://samedayappliance.repair/price-list/wine-cooler-repair-cost/,0,10,0.0,8.6
wine cooler repair near me,https://samedayappliance.repair/temecula/,0,13,0.0,78.5
wine cooler temperature repair,https://samedayappliance.repair/services/wine-cooler-repair-los-angeles/,0,6,0.0,50.5
wine cooling unit repair,https://samedayappliance.repair/services/wine-cellar-cooling-repair/,0,6,0.0,78.2
wine fridge repair cost,https://samedayappliance.repair/price-list/commercial-wine-cooler-repair-cost/,0,16,0.0,33.1
wine fridge repair cost,https://samedayappliance.repair/price-list/wine-cooler-repair-cost/,0,21,0.0,10.9
wine guardian orange county,https://samedayappliance.repair/brands/wine-guardian-repair/,0,7,0.0,18.4
wine guardian repair,https://samedayappliance.repair/brands/wine-guardian-repair/,0,6,0.0,22.0
wine guardian repair,https://samedayappliance.repair/services/wine-cellar-cooling-repair/,0,5,0.0,39.6
wine guardian repair los angeles,https://samedayappliance.repair/brands/wine-guardian-repair/,0,5,0.0,13.4
wine guardian repair los angeles,https://samedayappliance.repair/services/wine-cellar-repair-los-angeles/,0,7,0.0,23.7
wine guardian repair los angeles,https://samedayappliance.repair/services/wine-cellar-repair/,0,8,0.0,9.8
wolf range repair brentwood,https://samedayappliance.repair/brentwood/,0,12,0.0,21.2
woodland hills dryer repair,https://samedayappliance.repair/woodland-hills/,0,7,0.0,47.1
woodland hills emergancy appliance repair,https://samedayappliance.repair/woodland-hills/,0,7,0.0,72.3
woodland hills frigidaire appliance repair,https://samedayappliance.repair/woodland-hills/,0,7,0.0,47.6
woodland hills ge repair,https://samedayappliance.repair/woodland-hills/,0,6,0.0,31.0
woodland hills kitchen appliance repair,https://samedayappliance.repair/woodland-hills/,0,8,0.0,46.1
woodland hills lg repair,https://samedayappliance.repair/woodland-hills/,0,6,0.0,33.3
woodland hills oven repair,https://samedayappliance.repair/woodland-hills/,0,8,0.0,52.5
woodland hills stove repair,https://samedayappliance.repair/woodland-hills/,0,10,0.0,52.3
woodland hills washer repair,https://samedayappliance.repair/woodland-hills/,0,6,0.0,52.3
woodland hills washing machine repair,https://samedayappliance.repair/woodland-hills/,0,8,0.0,42.2
woodland hills whirlpool repair,https://samedayappliance.repair/woodland-hills/,0,8,0.0,32.9
